{
"lengthUnit": "mil",
"remark": [],
"components": {
	"fields": ["COMPONENT_NO", "COMPONENT_NAME", "LAYER", "X_COORDINATE", "Y_COORDINATE", "ANGLE"],
	"rows": [
		[1, "C1", "T", 1045, -80, 90],
		[2, "C2", "T", 2230, -205, 0],
		[3, "C3", "T", 1125, -80, 90],
		[4, "C4", "T", 2510, -620, 0],
		[5, "C5", "T", 2665, -990, 0],
		[6, "C6", "T", 2760, -720, 270],
		[7, "C7", "T", 2085, -260, 180],
		[8, "C9", "T", 2355, -985, 0],
		[9, "C10", "T", 2370, -880, 0],
		[10, "C11", "T", 2220, -900, 270],
		[11, "C12", "T", 2485, -445, 90],
		[12, "C13", "T", 2555, -445, 90],
		[13, "C14", "T", 2625, -445, 90],
		[14, "C15", "T", 2890, -675, 90],
		[15, "C16", "T", 2720, -890, 180],
		[16, "C17", "T", 1160, -910, 270],
		[17, "C18", "T", 1275, -640, 0],
		[18, "C19", "B", 745, -830, 0],
		[19, "C20", "B", 745, -755, 0],
		[20, "C21", "T", 1360, -755, 180],
		[21, "CARD1", "B", 815, -415, 0],
		[22, "CN1", "B", 2545, -915, 0],
		[23, "D1", "T", 2135, -650, 90],
		[24, "D2", "T", 2140, -900, 90],
		[25, "D3", "T", 2375, -100, 0],
		[26, "D4", "T", 1590, -620, 0],
		[27, "H1", "T", 955, -1105, 180],
		[28, "H2", "T", 425, -430, 270],
		[29, "L1", "T", 2305, -410, 180],
		[30, "LED1", "T", 2895, -855, 0],
		[31, "LED2", "T", 3060, -855, 180],
		[32, "LED3", "T", 1960, -1000, 180],
		[33, "LED4", "T", 595, -325, 0],
		[34, "LED5", "T", 595, -580, 0],
		[35, "Q1", "T", 2770, -560, 0],
		[36, "R1", "T", 1090, -450, 0],
		[37, "R2", "T", 2085, -125, 0],
		[38, "R3", "T", 2085, -60, 180],
		[39, "R4", "T", 1090, -380, 0],
		[40, "R5", "T", 2085, -190, 180],
		[41, "R6", "T", 1095, -180, 0],
		[42, "R7", "T", 2085, -330, 180],
		[43, "R8", "T", 2890, -530, 90],
		[44, "R9", "T", 2575, -230, 180],
		[45, "R10", "T", 2575, -165, 180],
		[46, "R11", "T", 2085, -390, 180],
		[47, "R12", "T", 2515, -885, 270],
		[48, "R13", "T", 2600, -860, 90],
		[49, "R14", "T", 2315, -285, 180],
		[50, "R15", "T", 1725, -730, 0],
		[51, "R16", "T", 1510, -735, 180],
		[52, "R17", "T", 2035, -565, 90],
		[53, "R18", "B", 405, -775, 180],
		[54, "R19", "B", 405, -845, 180],
		[55, "R20", "B", 405, -920, 180],
		[56, "R21", "B", 405, -990, 180],
		[57, "R22", "B", 405, -705, 180],
		[58, "R23", "T", 1255, -905, 270],
		[59, "R24", "T", 1360, -825, 0],
		[60, "R25", "T", 745, -385, 0],
		[61, "R26", "T", 745, -460, 0],
		[62, "R27", "T", 595, -260, 0],
		[63, "R28", "T", 595, -650, 0],
		[64, "SW1", "T", 2695, -1095, 180],
		[65, "SW2", "T", 2375, -1095, 180],
		[66, "SW3", "T", 3045, -625, 90],
		[67, "U1", "T", 2650, -710, 90],
		[68, "U2", "T", 1585.2144, -275, 0],
		[69, "U3", "T", 2305, -650, 0],
		[70, "U4", "T", 2415, -200, 180],
		[71, "U5", "T", 2775, -460, 180],
		[72, "U6", "T", 2575, -100, 180],
		[73, "U7", "T", 2710, -115, 90],
		[74, "U8", "T", 2575, -50, 180],
		[75, "U9", "T", 2715, -295, 270],
		[76, "U10", "T", 1206.947, -746.955, 0],
		[77, "U11", "T", 1725, -795, 0],
		[78, "U12", "T", 1635, -740, 90],
		[79, "U13", "T", 1795, -625, 180],
		[80, "U14", "T", 1595, -740, 90],
		[81, "U15", "T", 580, -380, 0],
		[82, "U16", "T", 580, -525, 0],
		[83, "USB1", "T", 2930, -210, 90],
		[84, "USB2", "T", 1605, -965, 0],
		[85, "PAD1", "T", 195, -1020, 0],
		[86, "PAD1", "B", 195, -1020, 0],
		[87, "PAD2", "T", 195, 202.5, 0],
		[88, "PAD2", "B", 195, 202.5, 0],
		[89, "PAD3", "T", 2955, 202.5, 0],
		[90, "PAD3", "B", 2955, 202.5, 0],
		[91, "PAD4", "T", 2970, -1015, 0],
		[92, "PAD4", "B", 2970, -1015, 0],
		[93, "PAD5", "T", 1045, -52.44, 0],
		[94, "PAD6", "T", 1045, -107.56, 0],
		[95, "PAD7", "T", 1125, -52.44, 0],
		[96, "PAD8", "T", 1125, -107.56, 0],
		[97, "PAD9", "T", 2296.75, -880, 0],
		[98, "PAD10", "T", 2443.25, -880, 0],
		[99, "PAD11", "T", 2220, -927.56, 0],
		[100, "PAD12", "T", 2220, -872.44, 0],
		[101, "PAD13", "T", 2485, -417.44, 0],
		[102, "PAD14", "T", 2485, -472.56, 0],
		[103, "PAD15", "T", 2555, -417.44, 0],
		[104, "PAD16", "T", 2555, -472.56, 0],
		[105, "PAD17", "T", 2625, -417.44, 0],
		[106, "PAD18", "T", 2625, -472.56, 0],
		[107, "PAD19", "T", 2890, -647.44, 0],
		[108, "PAD20", "T", 2890, -702.56, 0],
		[109, "PAD21", "T", 2692.56, -990, 0],
		[110, "PAD22", "T", 2637.44, -990, 0],
		[111, "PAD23", "T", 1160, -937.56, 0],
		[112, "PAD24", "T", 1160, -882.44, 0],
		[113, "PAD25", "T", 1302.56, -640, 0],
		[114, "PAD26", "T", 1247.44, -640, 0],
		[115, "PAD27", "T", 1332.44, -755, 0],
		[116, "PAD28", "T", 1387.56, -755, 0],
		[117, "PAD29", "B", 772.56, -830, 0],
		[118, "PAD30", "B", 717.44, -830, 0],
		[119, "PAD31", "B", 772.56, -755, 0],
		[120, "PAD32", "B", 717.44, -755, 0],
		[121, "PAD33", "B", 600.44, -623.66, 0],
		[122, "PAD34", "B", 643.74, -623.66, 0],
		[123, "PAD35", "B", 687.05, -623.66, 0],
		[124, "PAD36", "B", 730.36, -623.66, 0],
		[125, "PAD37", "B", 773.66, -623.66, 0],
		[126, "PAD38", "B", 816.97, -623.66, 0],
		[127, "PAD39", "B", 860.28, -623.66, 0],
		[128, "PAD40", "B", 903.59, -623.66, 0],
		[129, "PAD41", "B", 509.88, -584.29, 0],
		[130, "PAD42", "B", 509.88, -206.34, 0],
		[131, "PAD43", "B", 1120.12, -206.34, 0],
		[132, "PAD44", "B", 1084.69, -584.29, 0],
		[133, "PAD45", "T", 2140, -968.31, 0],
		[134, "PAD46", "T", 2140, -831.69, 0],
		[135, "PAD47", "T", 2225.16, -410, 0],
		[136, "PAD48", "T", 2384.84, -410, 0],
		[137, "PAD49", "T", 2863.525, -855.133, 0],
		[138, "PAD50", "T", 2926.475, -854.863, 0],
		[139, "PAD51", "T", 3028.525, -855.005, 0],
		[140, "PAD52", "T", 3091.475, -854.995, 0],
		[141, "PAD53", "T", 2019.05, -901.575, 0],
		[142, "PAD54", "T", 1900.95, -1098.425, 0],
		[143, "PAD55", "T", 2019.05, -1098.425, 0],
		[144, "PAD56", "T", 2815.276, -522.598, 0],
		[145, "PAD57", "T", 2724.724, -559.998, 0],
		[146, "PAD58", "T", 2815.276, -597.402, 0],
		[147, "PAD59", "T", 2055.34, -60, 0],
		[148, "PAD60", "T", 2114.66, -60, 0],
		[149, "PAD61", "T", 1119.66, -380, 0],
		[150, "PAD62", "T", 1060.34, -380, 0],
		[151, "PAD63", "T", 2545.34, -230, 0],
		[152, "PAD64", "T", 2604.66, -230, 0],
		[153, "PAD65", "T", 2545.34, -165, 0],
		[154, "PAD66", "T", 2604.66, -165, 0],
		[155, "PAD67", "T", 2890, -500.34, 0],
		[156, "PAD68", "T", 2890, -559.66, 0],
		[157, "PAD69", "T", 2515, -914.66, 0],
		[158, "PAD70", "T", 2515, -855.34, 0],
		[159, "PAD71", "T", 1119.66, -450, 0],
		[160, "PAD72", "T", 1060.34, -450, 0],
		[161, "PAD73", "T", 2600, -830.34, 0],
		[162, "PAD74", "T", 2600, -889.66, 0],
		[163, "PAD75", "T", 1124.66, -180, 0],
		[164, "PAD76", "T", 1065.34, -180, 0],
		[165, "PAD77", "T", 2285.34, -285, 0],
		[166, "PAD78", "T", 2344.66, -285, 0],
		[167, "PAD79", "T", 1754.66, -730, 0],
		[168, "PAD80", "T", 1695.34, -730, 0],
		[169, "PAD81", "T", 1480.34, -735, 0],
		[170, "PAD82", "T", 1539.66, -735, 0],
		[171, "PAD83", "T", 2035, -535.34, 0],
		[172, "PAD84", "T", 2035, -594.66, 0],
		[173, "PAD85", "B", 375.34, -775, 0],
		[174, "PAD86", "B", 434.66, -775, 0],
		[175, "PAD87", "B", 375.34, -845, 0],
		[176, "PAD88", "B", 434.66, -845, 0],
		[177, "PAD89", "B", 375.34, -920, 0],
		[178, "PAD90", "B", 434.66, -920, 0],
		[179, "PAD91", "B", 375.34, -705, 0],
		[180, "PAD92", "B", 434.66, -705, 0],
		[181, "PAD93", "T", 3045, -625, 0],
		[182, "PAD93", "B", 3045, -625, 0],
		[183, "PAD94", "T", 3045, -546.26, 0],
		[184, "PAD94", "B", 3045, -546.26, 0],
		[185, "PAD95", "T", 3045, -461.61, 0],
		[186, "PAD95", "B", 3045, -461.61, 0],
		[187, "PAD96", "T", 3045, -788.39, 0],
		[188, "PAD96", "B", 3045, -788.39, 0],
		[189, "PAD97", "T", 1240.7244, -38.78, 0],
		[190, "PAD98", "T", 1240.7244, -97.83, 0],
		[191, "PAD99", "T", 1240.7244, -156.89, 0],
		[192, "PAD100", "T", 1240.7244, -215.94, 0],
		[193, "PAD101", "T", 1240.7244, -275, 0],
		[194, "PAD102", "T", 1240.7244, -334.05, 0],
		[195, "PAD103", "T", 1240.7244, -393.11, 0],
		[196, "PAD104", "T", 1240.7244, -452.16, 0],
		[197, "PAD105", "T", 1240.7244, -511.22, 0],
		[198, "PAD106", "T", 1929.7044, -511.22, 0],
		[199, "PAD107", "T", 1929.7044, -452.16, 0],
		[200, "PAD108", "T", 1929.7044, -393.11, 0],
		[201, "PAD109", "T", 1929.7044, -334.05, 0],
		[202, "PAD110", "T", 1929.7044, -275, 0],
		[203, "PAD111", "T", 1929.7044, -215.94, 0],
		[204, "PAD112", "T", 1929.7044, -156.89, 0],
		[205, "PAD113", "T", 1929.7044, -97.83, 0],
		[206, "PAD114", "T", 1929.7044, -38.78, 0],
		[207, "PAD115", "T", 1579.7044, -239.56, 0],
		[208, "PAD116", "T", 1579.7044, -282.87, 0],
		[209, "PAD117", "T", 1579.7044, -326.18, 0],
		[210, "PAD118", "T", 1623.0044, -239.56, 0],
		[211, "PAD119", "T", 1623.0044, -282.87, 0],
		[212, "PAD120", "T", 1623.0044, -326.18, 0],
		[213, "PAD121", "T", 1666.3144, -326.18, 0],
		[214, "PAD122", "T", 1666.3144, -282.87, 0],
		[215, "PAD123", "T", 1666.3144, -239.56, 0],
		[216, "PAD124", "T", 2602.555, -100, 0],
		[217, "PAD125", "T", 2547.445, -100, 0],
		[218, "PAD126", "T", 2230, -764.5, 0],
		[219, "PAD127", "T", 2280, -764.5, 0],
		[220, "PAD128", "T", 2330, -764.5, 0],
		[221, "PAD129", "T", 2380, -764.5, 0],
		[222, "PAD130", "T", 2380, -535.5, 0],
		[223, "PAD131", "T", 2330, -535.5, 0],
		[224, "PAD132", "T", 2280, -535.5, 0],
		[225, "PAD133", "T", 2230, -535.5, 0],
		[226, "PAD134", "T", 2305, -650, 0],
		[227, "PAD135", "T", 2459.88, -200, 0],
		[228, "PAD136", "T", 2370.12, -200, 0],
		[229, "PAD137", "T", 2710, -131.73, 0],
		[230, "PAD138", "T", 2710, -98.27, 0],
		[231, "PAD139", "T", 2819.88, -460, 0],
		[232, "PAD140", "T", 2730.12, -460, 0],
		[233, "PAD141", "T", 2591.73, -50, 0],
		[234, "PAD142", "T", 2558.27, -50, 0],
		[235, "PAD143", "T", 2715, -278.27, 0],
		[236, "PAD144", "T", 2715, -311.73, 0],
		[237, "PAD145", "T", 1177.482, -804.035, 0],
		[238, "PAD146", "T", 1197.162, -804.035, 0],
		[239, "PAD147", "T", 1216.852, -804.035, 0],
		[240, "PAD148", "T", 1236.532, -804.045, 0],
		[241, "PAD149", "T", 1264.032, -776.475, 0],
		[242, "PAD150", "T", 1264.032, -756.795, 0],
		[243, "PAD151", "T", 1264.032, -737.105, 0],
		[244, "PAD152", "T", 1264.032, -717.425, 0],
		[245, "PAD153", "T", 1236.472, -689.865, 0],
		[246, "PAD154", "T", 1206.962, -746.955, 0],
		[247, "PAD155", "T", 1697.445, -795, 0],
		[248, "PAD156", "T", 1752.555, -795, 0],
		[249, "PAD157", "T", 1635, -756.73, 0],
		[250, "PAD158", "T", 1635, -723.27, 0],
		[251, "PAD159", "T", 1811.73, -625, 0],
		[252, "PAD160", "T", 1778.27, -625, 0],
		[253, "PAD161", "T", 1595, -756.73, 0],
		[254, "PAD162", "T", 1595, -723.27, 0],
		[255, "PAD163", "T", 563.27, -380, 0],
		[256, "PAD164", "T", 596.73, -380, 0],
		[257, "PAD165", "T", 563.27, -525, 0],
		[258, "PAD166", "T", 596.73, -525, 0],
		[259, "PAD167", "T", 2835.115, -335.99, 0],
		[260, "PAD168", "T", 2835.115, -304.49, 0],
		[261, "PAD169", "T", 2835.115, -115.51, 0],
		[262, "PAD170", "T", 2835.115, -84.02, 0],
		[263, "PAD171", "T", 2835.115, -259.21, 0],
		[264, "PAD172", "T", 2835.115, -239.53, 0],
		[265, "PAD173", "T", 2835.115, -219.84, 0],
		[266, "PAD174", "T", 2835.115, -200.16, 0],
		[267, "PAD175", "T", 2835.115, -180.47, 0],
		[268, "PAD176", "T", 2835.115, -141.1, 0],
		[269, "PAD177", "T", 2861.495, -380.08, 0],
		[270, "PAD177", "B", 2861.495, -380.08, 0],
		[271, "PAD178", "T", 2861.495, -39.92, 0],
		[272, "PAD178", "B", 2861.495, -39.92, 0],
		[273, "PAD179", "T", 3024.885, -380.08, 0],
		[274, "PAD179", "B", 3024.885, -380.08, 0],
		[275, "PAD180", "T", 3024.885, -39.92, 0],
		[276, "PAD180", "B", 3024.885, -39.92, 0],
		[277, "PAD181", "T", 1479.01, -870.115, 0],
		[278, "PAD182", "T", 1510.51, -870.115, 0],
		[279, "PAD183", "T", 1699.49, -870.115, 0],
		[280, "PAD184", "T", 1730.98, -870.115, 0],
		[281, "PAD185", "T", 1555.79, -870.115, 0],
		[282, "PAD186", "T", 1575.47, -870.115, 0],
		[283, "PAD187", "T", 1595.16, -870.115, 0],
		[284, "PAD188", "T", 1614.84, -870.115, 0],
		[285, "PAD189", "T", 1634.53, -870.115, 0],
		[286, "PAD190", "T", 1673.9, -870.115, 0],
		[287, "PAD191", "T", 1434.92, -896.495, 0],
		[288, "PAD191", "B", 1434.92, -896.495, 0],
		[289, "PAD192", "T", 1775.08, -896.495, 0],
		[290, "PAD192", "B", 1775.08, -896.495, 0],
		[291, "PAD193", "T", 1434.92, -1059.885, 0],
		[292, "PAD193", "B", 1434.92, -1059.885, 0],
		[293, "PAD194", "T", 1775.08, -1059.885, 0],
		[294, "PAD194", "B", 1775.08, -1059.885, 0],
		[295, "PAD195", "T", 2257.56, -205, 0],
		[296, "PAD196", "T", 2202.44, -205, 0],
		[297, "PAD197", "T", 2057.44, -260, 0],
		[298, "PAD198", "T", 2112.56, -260, 0],
		[299, "PAD199", "T", 2114.66, -125, 0],
		[300, "PAD200", "T", 2055.34, -125, 0],
		[301, "PAD201", "T", 2055.34, -190, 0],
		[302, "PAD202", "T", 2114.66, -190, 0],
		[303, "PAD203", "T", 2761.935, -1056.614, 0],
		[304, "PAD204", "T", 2628.077, -1056.614, 0],
		[305, "PAD205", "T", 2611.343, -1133.385, 0],
		[306, "PAD206", "T", 2778.657, -1133.385, 0],
		[307, "PAD207", "T", 2441.935, -1056.614, 0],
		[308, "PAD208", "T", 2308.077, -1056.614, 0],
		[309, "PAD209", "T", 2291.343, -1133.385, 0],
		[310, "PAD210", "T", 2458.657, -1133.385, 0],
		[311, "PAD211", "T", 2135, -563.39, 0],
		[312, "PAD212", "T", 2135, -736.61, 0],
		[313, "PAD213", "T", 2461.61, -100, 0],
		[314, "PAD214", "T", 2288.39, -100, 0],
		[315, "PAD215", "T", 1676.61, -620, 0],
		[316, "PAD216", "T", 1503.39, -620, 0],
		[317, "PAD217", "T", 2687.4, -761.185, 0],
		[318, "PAD218", "T", 2612.6, -658.815, 0],
		[319, "PAD219", "T", 2650, -658.815, 0],
		[320, "PAD220", "T", 2687.4, -658.815, 0],
		[321, "PAD221", "B", 2595.001, -1061.655, 0],
		[322, "PAD222", "B", 2495.001, -1061.655, 0],
		[323, "PAD223", "B", 2702.481, -768.345, 0],
		[324, "PAD224", "B", 2387.521, -768.345, 0],
		[325, "PAD225", "T", 2537.56, -620, 0],
		[326, "PAD226", "T", 2482.44, -620, 0],
		[327, "PAD227", "T", 2760, -747.56, 0],
		[328, "PAD228", "T", 2760, -692.44, 0],
		[329, "PAD229", "T", 2692.44, -890, 0],
		[330, "PAD230", "T", 2747.56, -890, 0],
		[331, "PAD231", "T", 2382.56, -985, 0],
		[332, "PAD232", "T", 2327.44, -985, 0],
		[333, "PAD233", "T", 1055, -1105, 0],
		[334, "PAD233", "B", 1055, -1105, 0],
		[335, "PAD234", "T", 955, -1105, 0],
		[336, "PAD234", "B", 955, -1105, 0],
		[337, "PAD235", "T", 855, -1105, 0],
		[338, "PAD235", "B", 855, -1105, 0],
		[339, "PAD236", "T", 2055.34, -330, 0],
		[340, "PAD237", "T", 2114.66, -330, 0],
		[341, "PAD238", "T", 2055.34, -390, 0],
		[342, "PAD239", "T", 2114.66, -390, 0],
		[343, "PAD240", "B", 375.34, -990, 0],
		[344, "PAD241", "B", 434.66, -990, 0],
		[345, "PAD242", "T", 1255, -934.66, 0],
		[346, "PAD243", "T", 1255, -875.34, 0],
		[347, "PAD244", "T", 1389.66, -825, 0],
		[348, "PAD245", "T", 1330.34, -825, 0],
		[349, "PAD246", "T", 774.66, -385, 0],
		[350, "PAD247", "T", 715.34, -385, 0],
		[351, "PAD248", "T", 774.66, -460, 0],
		[352, "PAD249", "T", 715.34, -460, 0],
		[353, "PAD250", "T", 624.66, -260, 0],
		[354, "PAD251", "T", 565.34, -260, 0],
		[355, "PAD252", "T", 624.66, -650, 0],
		[356, "PAD253", "T", 565.34, -650, 0],
		[357, "PAD254", "T", 626.475, -324.995, 0],
		[358, "PAD255", "T", 563.525, -325.005, 0],
		[359, "PAD256", "T", 626.475, -579.995, 0],
		[360, "PAD257", "T", 563.525, -580.005, 0],
		[361, "PAD258", "T", 425, -330, 0],
		[362, "PAD258", "B", 425, -330, 0],
		[363, "PAD259", "T", 425, -430, 0],
		[364, "PAD259", "B", 425, -430, 0],
		[365, "PAD260", "T", 425, -530, 0],
		[366, "PAD260", "B", 425, -530, 0]
	]
},
"pins": {
	"fields": ["PIN_NO", "PIN_NAME", "PIN_X", "PIN_Y", "LAYER", "PIN_TYPE", "NET_NAME", "NET_TYPE", "PAD_SHAPE", "PAD_SIZEX", "PAD_SIZEY", "HOLE_SIZE", "HOLE_LEN", "PAD_ANGLE"],
	"rows": [
		[1, "C1_1", 1045, -107.56, "T", "SMD", "GND", "GND", "R", 31.496, 35.433, 0, 0, 90],
		[2, "C1_2", 1045, -52.44, "T", "SMD", "VCC", "", "R", 31.496, 35.433, 0, 0, 90],
		[3, "C2_1", 2202.44, -205, "T", "SMD", "GND", "GND", "R", 31.496, 35.433, 0, 0, 0],
		[4, "C2_2", 2257.56, -205, "T", "SMD", "BAT+", "", "R", 31.496, 35.433, 0, 0, 0],
		[5, "C3_1", 1125, -107.56, "T", "SMD", "GND", "GND", "R", 31.496, 35.433, 0, 0, 90],
		[6, "C3_2", 1125, -52.44, "T", "SMD", "VCC", "", "R", 31.496, 35.433, 0, 0, 90],
		[7, "C4_1", 2482.44, -620, "T", "SMD", "GND", "GND", "R", 31.496, 35.433, 0, 0, 0],
		[8, "C4_2", 2537.56, -620, "T", "SMD", "VCC5V", "", "R", 31.496, 35.433, 0, 0, 0],
		[9, "C5_1", 2637.44, -990, "T", "SMD", "IO9_BOOT", "", "R", 31.496, 35.433, 0, 0, 0],
		[10, "C5_2", 2692.56, -990, "T", "SMD", "GND", "GND", "R", 31.496, 35.433, 0, 0, 0],
		[11, "C6_1", 2760, -692.44, "T", "SMD", "GND", "GND", "R", 31.496, 35.433, 0, 0, 270],
		[12, "C6_2", 2760, -747.56, "T", "SMD", "VCC", "", "R", 31.496, 35.433, 0, 0, 270],
		[13, "C7_1", 2112.56, -260, "T", "SMD", "GND", "GND", "R", 31.496, 35.433, 0, 0, 180],
		[14, "C7_2", 2057.44, -260, "T", "SMD", "NET_1", "", "R", 31.496, 35.433, 0, 0, 180],
		[15, "C9_1", 2327.44, -985, "T", "SMD", "RESET", "", "R", 31.496, 35.433, 0, 0, 0],
		[16, "C9_2", 2382.56, -985, "T", "SMD", "GND", "GND", "R", 31.496, 35.433, 0, 0, 0],
		[17, "C10_1", 2296.75, -880, "T", "SMD", "VBAT5V", "", "R", 59.301, 93.543, 0, 0, 180],
		[18, "C10_2", 2443.25, -880, "T", "SMD", "GND", "GND", "R", 59.301, 93.543, 0, 0, 180],
		[19, "C11_1", 2220, -872.44, "T", "SMD", "VBAT5V", "", "R", 31.496, 35.433, 0, 0, 270],
		[20, "C11_2", 2220, -927.56, "T", "SMD", "GND", "GND", "R", 31.496, 35.433, 0, 0, 270],
		[21, "C12_1", 2485, -472.56, "T", "SMD", "GND", "GND", "R", 31.496, 35.433, 0, 0, 90],
		[22, "C12_2", 2485, -417.44, "T", "SMD", "BAT+", "", "R", 31.496, 35.433, 0, 0, 90],
		[23, "C13_1", 2555, -472.56, "T", "SMD", "GND", "GND", "R", 31.496, 35.433, 0, 0, 90],
		[24, "C13_2", 2555, -417.44, "T", "SMD", "BAT+", "", "R", 31.496, 35.433, 0, 0, 90],
		[25, "C14_1", 2625, -472.56, "T", "SMD", "GND", "GND", "R", 31.496, 35.433, 0, 0, 90],
		[26, "C14_2", 2625, -417.44, "T", "SMD", "BAT+", "", "R", 31.496, 35.433, 0, 0, 90],
		[27, "C15_1", 2890, -702.56, "T", "SMD", "GND", "GND", "R", 31.496, 35.433, 0, 0, 90],
		[28, "C15_2", 2890, -647.44, "T", "SMD", "$1N9327", "", "R", 31.496, 35.433, 0, 0, 90],
		[29, "C16_1", 2747.56, -890, "T", "SMD", "GND", "GND", "R", 31.496, 35.433, 0, 0, 180],
		[30, "C16_2", 2692.44, -890, "T", "SMD", "$1N9320", "", "R", 31.496, 35.433, 0, 0, 180],
		[31, "C17_1", 1160, -882.44, "T", "SMD", "VCC", "", "R", 31.496, 35.433, 0, 0, 270],
		[32, "C17_2", 1160, -937.56, "T", "SMD", "GND", "GND", "R", 31.496, 35.433, 0, 0, 270],
		[33, "C18_1", 1247.44, -640, "T", "SMD", "VBUS", "", "R", 31.496, 35.433, 0, 0, 0],
		[34, "C18_2", 1302.56, -640, "T", "SMD", "GND", "GND", "R", 31.496, 35.433, 0, 0, 0],
		[35, "C19_1", 717.44, -830, "B", "SMD", "GND", "GND", "R", 31.496, 35.433, 0, 0, 0],
		[36, "C19_2", 772.56, -830, "B", "SMD", "VCC", "", "R", 31.496, 35.433, 0, 0, 0],
		[37, "C20_1", 717.44, -755, "B", "SMD", "GND", "GND", "R", 31.496, 35.433, 0, 0, 0],
		[38, "C20_2", 772.56, -755, "B", "SMD", "VCC", "", "R", 31.496, 35.433, 0, 0, 0],
		[39, "C21_1", 1387.56, -755, "T", "SMD", "GND", "GND", "R", 31.496, 35.433, 0, 0, 180],
		[40, "C21_2", 1332.44, -755, "T", "SMD", "$1N3712", "", "R", 31.496, 35.433, 0, 0, 180],
		[41, "CARD1_1", 903.59, -623.66, "B", "SMD", "$1N15856", "", "R", 27.559, 62.992, 0, 0, 0],
		[42, "CARD1_2", 860.28, -623.66, "B", "SMD", "IO7_CS", "", "R", 27.559, 62.992, 0, 0, 0],
		[43, "CARD1_3", 816.97, -623.66, "B", "SMD", "IO4_MOSI", "", "R", 27.559, 62.992, 0, 0, 0],
		[44, "CARD1_4", 773.66, -623.66, "B", "SMD", "VCC", "", "R", 27.559, 62.992, 0, 0, 0],
		[45, "CARD1_5", 730.36, -623.66, "B", "SMD", "IO5_CLK", "", "R", 27.559, 62.992, 0, 0, 0],
		[46, "CARD1_6", 687.05, -623.66, "B", "SMD", "GND", "GND", "R", 27.559, 62.992, 0, 0, 0],
		[47, "CARD1_7", 643.74, -623.66, "B", "SMD", "IO6_MISO", "", "R", 27.559, 62.992, 0, 0, 0],
		[48, "CARD1_8", 600.44, -623.66, "B", "SMD", "$1N15856", "", "R", 27.559, 62.992, 0, 0, 0],
		[49, "CARD1_10", 509.88, -584.29, "B", "SMD", "GND", "GND", "R", 47.244, 59.055, 0, 0, 0],
		[50, "CARD1_11", 509.88, -206.34, "B", "SMD", "GND", "GND", "R", 47.244, 86.614, 0, 0, 0],
		[51, "CARD1_12", 1120.12, -206.34, "B", "SMD", "GND", "GND", "R", 47.244, 86.614, 0, 0, 0],
		[52, "CARD1_13", 1084.69, -584.29, "B", "SMD", "GND", "GND", "R", 62.992, 59.055, 0, 0, 0],
		[53, "CARD1_CD", 557.13, -623.66, "B", "SMD", "NET_2", "", "R", 27.559, 62.992, 0, 0, 0],
		[54, "CN1_1", 2495.001, -1061.655, "B", "SMD", "GND", "GND", "R", 51.181, 125.984, 0, 0, 0],
		[55, "CN1_2", 2595.001, -1061.655, "B", "SMD", "BAT+", "", "R", 51.181, 125.984, 0, 0, 0],
		[56, "CN1_3", 2387.521, -768.345, "B", "SMD", "GND", "GND", "R", 59.055, 153.543, 0, 0, 0],
		[57, "CN1_4", 2702.481, -768.345, "B", "SMD", "GND", "GND", "R", 59.055, 153.543, 0, 0, 0],
		[58, "D1_1", 2135, -736.61, "T", "SMD", "VBAT5V", "", "R", 78.74, 78.74, 0, 0, 270],
		[59, "D1_2", 2135, -563.39, "T", "SMD", "$1N9313", "", "R", 78.74, 78.74, 0, 0, 270],
		[60, "D2_1", 2140, -968.31, "T", "SMD", "GND", "GND", "R", 55.118, 47.244, 0, 0, 90],
		[61, "D2_2", 2140, -831.69, "T", "SMD", "VBAT5V", "", "R", 55.118, 47.244, 0, 0, 90],
		[62, "D3_1", 2288.39, -100, "T", "SMD", "VBUS", "", "R", 78.74, 78.74, 0, 0, 180],
		[63, "D3_2", 2461.61, -100, "T", "SMD", "$1N5686", "", "R", 78.74, 78.74, 0, 0, 180],
		[64, "D4_1", 1503.39, -620, "T", "SMD", "VBUS", "", "R", 78.74, 78.74, 0, 0, 180],
		[65, "D4_2", 1676.61, -620, "T", "SMD", "$1N5644", "", "R", 78.74, 78.74, 0, 0, 180],
		[66, "H1_1", 1055, -1105, "T", "DIP", "GND", "GND", "R", 66.929, 66.929, 43.308, 43.308, 180],
		[67, "H1_1", 1055, -1105, "B", "DIP", "GND", "GND", "R", 66.929, 66.929, 43.308, 43.308, 180],
		[68, "H1_2", 955, -1105, "T", "DIP", "U0TXD", "", "C", 66.929, 66.929, 43.308, 43.308, 180],
		[69, "H1_2", 955, -1105, "B", "DIP", "U0TXD", "", "C", 66.929, 66.929, 43.308, 43.308, 180],
		[70, "H1_3", 855, -1105, "T", "DIP", "U0RXD", "", "C", 66.929, 66.929, 43.308, 43.308, 180],
		[71, "H1_3", 855, -1105, "B", "DIP", "U0RXD", "", "C", 66.929, 66.929, 43.308, 43.308, 180],
		[72, "H2_1", 425, -330, "T", "DIP", "GND", "GND", "R", 70.866, 70.866, 43.308, 43.308, 270],
		[73, "H2_1", 425, -330, "B", "DIP", "GND", "GND", "R", 70.866, 70.866, 43.308, 43.308, 270],
		[74, "H2_2", 425, -430, "T", "DIP", "DEVICE_TX", "", "C", 70.866, 70.866, 43.308, 43.308, 270],
		[75, "H2_2", 425, -430, "B", "DIP", "DEVICE_TX", "", "C", 70.866, 70.866, 43.308, 43.308, 270],
		[76, "H2_3", 425, -530, "T", "DIP", "DEVICE_RX", "", "C", 70.866, 70.866, 43.308, 43.308, 270],
		[77, "H2_3", 425, -530, "B", "DIP", "DEVICE_RX", "", "C", 70.866, 70.866, 43.308, 43.308, 270],
		[78, "L1_1", 2225.16, -410, "T", "SMD", "$1N9313", "", "R", 55.118, 83.465, 0, 0, 180],
		[79, "L1_2", 2384.84, -410, "T", "SMD", "BAT+", "", "R", 55.118, 83.465, 0, 0, 180],
		[80, "LED1_1", 2863.525, -855.133, "T", "SMD", "$1N9315", "", "R", 31.496, 31.496, 0, 0, 90],
		[81, "LED1_2", 2926.475, -854.863, "T", "SMD", "$1N9320", "", "R", 31.496, 31.496, 0, 0, 90],
		[82, "LED2_1", 3091.475, -854.995, "T", "SMD", "$1N9316", "", "R", 31.496, 31.496, 0, 0, 270],
		[83, "LED2_2", 3028.525, -855.005, "T", "SMD", "$1N9320", "", "R", 31.496, 31.496, 0, 0, 270],
		[84, "LED3_1", 2019.05, -901.575, "T", "SMD", "VCC5V", "", "R", 59.055, 39.37, 0, 0, 270],
		[85, "LED3_2", 1900.95, -901.575, "T", "SMD", "NET_3", "", "R", 59.055, 39.37, 0, 0, 270],
		[86, "LED3_3", 1900.95, -1098.425, "T", "SMD", "GND", "GND", "R", 59.055, 39.37, 0, 0, 270],
		[87, "LED3_4", 2019.05, -1098.425, "T", "SMD", "NET_4", "", "R", 59.055, 39.37, 0, 0, 270],
		[88, "LED4_1", 563.525, -325.005, "T", "SMD", "DEVICE_TX", "", "R", 31.496, 31.496, 0, 0, 90],
		[89, "LED4_2", 626.475, -324.995, "T", "SMD", "$1N56887", "", "R", 31.496, 31.496, 0, 0, 90],
		[90, "LED5_1", 563.525, -580.005, "T", "SMD", "DEVICE_RX", "", "R", 31.496, 31.496, 0, 0, 90],
		[91, "LED5_2", 626.475, -579.995, "T", "SMD", "$1N56895", "", "R", 31.496, 31.496, 0, 0, 90],
		[92, "Q1_1", 2815.276, -597.402, "T", "SMD", "$1N9327", "", "R", 39.37, 31.496, 0, 0, 180],
		[93, "Q1_2", 2815.276, -522.598, "T", "SMD", "$1N9326", "", "R", 39.37, 31.496, 0, 0, 180],
		[94, "Q1_3", 2724.724, -559.998, "T", "SMD", "VCC5V", "", "R", 39.37, 31.496, 0, 0, 180],
		[95, "R1_1", 1060.34, -450, "T", "SMD", "VCC", "", "R", 31.751, 34.016, 0, 0, 0],
		[96, "R1_2", 1119.66, -450, "T", "SMD", "IO9_BOOT", "", "R", 31.751, 34.016, 0, 0, 0],
		[97, "R2_1", 2055.34, -125, "T", "SMD", "NET_1", "", "R", 31.751, 34.016, 0, 0, 0],
		[98, "R2_2", 2114.66, -125, "T", "SMD", "BAT+", "", "R", 31.751, 34.016, 0, 0, 0],
		[99, "R3_1", 2114.66, -60, "T", "SMD", "VCC", "", "R", 31.751, 34.016, 0, 0, 180],
		[100, "R3_2", 2055.34, -60, "T", "SMD", "IO2", "", "R", 31.751, 34.016, 0, 0, 180],
		[101, "R4_1", 1060.34, -380, "T", "SMD", "VCC", "", "R", 31.751, 34.016, 0, 0, 0],
		[102, "R4_2", 1119.66, -380, "T", "SMD", "$1N1037", "", "R", 31.751, 34.016, 0, 0, 0],
		[103, "R5_1", 2114.66, -190, "T", "SMD", "GND", "GND", "R", 31.751, 34.016, 0, 0, 180],
		[104, "R5_2", 2055.34, -190, "T", "SMD", "NET_1", "", "R", 31.751, 34.016, 0, 0, 180],
		[105, "R6_1", 1065.34, -180, "T", "SMD", "VCC", "", "R", 31.751, 34.016, 0, 0, 0],
		[106, "R6_2", 1124.66, -180, "T", "SMD", "RESET", "", "R", 31.751, 34.016, 0, 0, 0],
		[107, "R7_1", 2114.66, -330, "T", "SMD", "D+", "", "R", 31.751, 34.016, 0, 0, 180],
		[108, "R7_2", 2055.34, -330, "T", "SMD", "IO19_D+", "", "R", 31.751, 34.016, 0, 0, 180],
		[109, "R8_1", 2890, -559.66, "T", "SMD", "$1N9327", "", "R", 31.751, 34.016, 0, 0, 90],
		[110, "R8_2", 2890, -500.34, "T", "SMD", "$1N9326", "", "R", 31.751, 34.016, 0, 0, 90],
		[111, "R9_1", 2604.66, -230, "T", "SMD", "$1N2861", "", "R", 31.751, 34.016, 0, 0, 180],
		[112, "R9_2", 2545.34, -230, "T", "SMD", "GND", "GND", "R", 31.751, 34.016, 0, 0, 180],
		[113, "R10_1", 2604.66, -165, "T", "SMD", "$1N2849", "", "R", 31.751, 34.016, 0, 0, 180],
		[114, "R10_2", 2545.34, -165, "T", "SMD", "GND", "GND", "R", 31.751, 34.016, 0, 0, 180],
		[115, "R11_1", 2114.66, -390, "T", "SMD", "D-", "", "R", 31.751, 34.016, 0, 0, 180],
		[116, "R11_2", 2055.34, -390, "T", "SMD", "IO18_D-", "", "R", 31.751, 34.016, 0, 0, 180],
		[117, "R12_1", 2515, -855.34, "T", "SMD", "GND", "GND", "R", 31.751, 34.016, 0, 0, 270],
		[118, "R12_2", 2515, -914.66, "T", "SMD", "$1N9314", "", "R", 31.751, 34.016, 0, 0, 270],
		[119, "R13_1", 2600, -889.66, "T", "SMD", "$1N9320", "", "R", 31.751, 34.016, 0, 0, 90],
		[120, "R13_2", 2600, -830.34, "T", "SMD", "$1N9317", "", "R", 31.751, 34.016, 0, 0, 90],
		[121, "R14_1", 2344.66, -285, "T", "SMD", "VBUS", "", "R", 31.751, 34.016, 0, 0, 180],
		[122, "R14_2", 2285.34, -285, "T", "SMD", "$1N9317", "", "R", 31.751, 34.016, 0, 0, 180],
		[123, "R15_1", 1695.34, -730, "T", "SMD", "$1N5573", "", "R", 31.751, 34.016, 0, 0, 0],
		[124, "R15_2", 1754.66, -730, "T", "SMD", "GND", "GND", "R", 31.751, 34.016, 0, 0, 0],
		[125, "R16_1", 1539.66, -735, "T", "SMD", "$1N4164", "", "R", 31.751, 34.016, 0, 0, 180],
		[126, "R16_2", 1480.34, -735, "T", "SMD", "GND", "GND", "R", 31.751, 34.016, 0, 0, 180],
		[127, "R17_1", 2035, -594.66, "T", "SMD", "NET_4", "", "R", 31.751, 34.016, 0, 0, 90],
		[128, "R17_2", 2035, -535.34, "T", "SMD", "VCC", "", "R", 31.751, 34.016, 0, 0, 90],
		[129, "R18_1", 434.66, -775, "B", "SMD", "IO6_MISO", "", "R", 31.751, 34.016, 0, 0, 180],
		[130, "R18_2", 375.34, -775, "B", "SMD", "VCC", "", "R", 31.751, 34.016, 0, 0, 180],
		[131, "R19_1", 434.66, -845, "B", "SMD", "IO5_CLK", "", "R", 31.751, 34.016, 0, 0, 180],
		[132, "R19_2", 375.34, -845, "B", "SMD", "VCC", "", "R", 31.751, 34.016, 0, 0, 180],
		[133, "R20_1", 434.66, -920, "B", "SMD", "IO4_MOSI", "", "R", 31.751, 34.016, 0, 0, 180],
		[134, "R20_2", 375.34, -920, "B", "SMD", "VCC", "", "R", 31.751, 34.016, 0, 0, 180],
		[135, "R21_1", 434.66, -990, "B", "SMD", "IO7_CS", "", "R", 31.751, 34.016, 0, 0, 180],
		[136, "R21_2", 375.34, -990, "B", "SMD", "VCC", "", "R", 31.751, 34.016, 0, 0, 180],
		[137, "R22_1", 434.66, -705, "B", "SMD", "$1N15856", "", "R", 31.751, 34.016, 0, 0, 180],
		[138, "R22_2", 375.34, -705, "B", "SMD", "VCC", "", "R", 31.751, 34.016, 0, 0, 180],
		[139, "R23_1", 1255, -875.34, "T", "SMD", "$1N37074", "", "R", 31.751, 34.016, 0, 0, 270],
		[140, "R23_2", 1255, -934.66, "T", "SMD", "DEVICE_RX", "", "R", 31.751, 34.016, 0, 0, 270],
		[141, "R24_1", 1330.34, -825, "T", "SMD", "$1N37118", "", "R", 31.751, 34.016, 0, 0, 0],
		[142, "R24_2", 1389.66, -825, "T", "SMD", "DEVICE_TX", "", "R", 31.751, 34.016, 0, 0, 0],
		[143, "R25_1", 715.34, -385, "T", "SMD", "DEVICE_TX", "", "R", 31.751, 34.016, 0, 0, 0],
		[144, "R25_2", 774.66, -385, "T", "SMD", "IO0_RX", "", "R", 31.751, 34.016, 0, 0, 0],
		[145, "R26_1", 715.34, -460, "T", "SMD", "DEVICE_RX", "", "R", 31.751, 34.016, 0, 0, 0],
		[146, "R26_2", 774.66, -460, "T", "SMD", "IO1_TX", "", "R", 31.751, 34.016, 0, 0, 0],
		[147, "R27_1", 565.34, -260, "T", "SMD", "VCC", "", "R", 31.751, 34.016, 0, 0, 0],
		[148, "R27_2", 624.66, -260, "T", "SMD", "$1N56887", "", "R", 31.751, 34.016, 0, 0, 0],
		[149, "R28_1", 565.34, -650, "T", "SMD", "VCC", "", "R", 31.751, 34.016, 0, 0, 0],
		[150, "R28_2", 624.66, -650, "T", "SMD", "$1N56895", "", "R", 31.751, 34.016, 0, 0, 0],
		[151, "SW1_1", 2778.657, -1133.385, "T", "SMD", "GND", "GND", "P", 41.338, 51.182, 0, 0, 180],
		[152, "SW1_2", 2611.343, -1133.385, "T", "SMD", "GND", "GND", "P", 41.338, 51.182, 0, 0, 180],
		[153, "SW1_3", 2761.935, -1056.614, "T", "SMD", "GND", "GND", "R", 23.622, 47.244, 0, 0, 0],
		[154, "SW1_4", 2628.077, -1056.614, "T", "SMD", "IO9_BOOT", "", "R", 23.622, 47.244, 0, 0, 0],
		[155, "SW2_1", 2458.657, -1133.385, "T", "SMD", "GND", "GND", "P", 41.338, 51.182, 0, 0, 180],
		[156, "SW2_2", 2291.343, -1133.385, "T", "SMD", "GND", "GND", "P", 41.338, 51.182, 0, 0, 180],
		[157, "SW2_3", 2441.935, -1056.614, "T", "SMD", "GND", "GND", "R", 23.622, 47.244, 0, 0, 0],
		[158, "SW2_4", 2308.077, -1056.614, "T", "SMD", "RESET", "", "R", 23.622, 47.244, 0, 0, 0],
		[159, "SW3_1", 3045, -703.74, "T", "DIP", "NET_5", "", "C", 60, 60, 36, 36, 90],
		[160, "SW3_1", 3045, -703.74, "B", "DIP", "NET_5", "", "C", 60, 60, 36, 36, 90],
		[161, "SW3_2", 3045, -625, "T", "DIP", "$1N9327", "", "C", 60, 60, 36, 36, 90],
		[162, "SW3_2", 3045, -625, "B", "DIP", "$1N9327", "", "C", 60, 60, 36, 36, 90],
		[163, "SW3_3", 3045, -546.26, "T", "DIP", "GND", "GND", "C", 60, 60, 36, 36, 90],
		[164, "SW3_3", 3045, -546.26, "B", "DIP", "GND", "GND", "C", 60, 60, 36, 36, 90],
		[165, "SW3_4", 3045, -461.61, "T", "DIP", "GND", "GND", "O", 55.118, 86.614, 31.496, 62.992, 90],
		[166, "SW3_4", 3045, -461.61, "B", "DIP", "GND", "GND", "O", 55.118, 86.614, 31.496, 62.992, 90],
		[167, "SW3_5", 3045, -788.39, "T", "DIP", "GND", "GND", "O", 55.118, 86.614, 31.496, 62.992, 90],
		[168, "SW3_5", 3045, -788.39, "B", "DIP", "GND", "GND", "O", 55.118, 86.614, 31.496, 62.992, 90],
		[169, "U1_1", 2687.4, -658.815, "T", "SMD", "VCC5V", "", "R", 43.307, 23.622, 0, 0, 90],
		[170, "U1_2", 2650, -658.815, "T", "SMD", "GND", "GND", "R", 43.307, 23.622, 0, 0, 90],
		[171, "U1_3", 2612.6, -658.815, "T", "SMD", "VCC5V", "", "R", 43.307, 23.622, 0, 0, 90],
		[172, "U1_4", 2612.6, -761.185, "T", "SMD", "NET_6", "", "R", 43.307, 23.622, 0, 0, 90],
		[173, "U1_5", 2687.4, -761.185, "T", "SMD", "VCC", "", "R", 43.307, 23.622, 0, 0, 90],
		[174, "U2_1", 1240.7244, -38.78, "T", "SMD", "VCC", "", "R", 78.74, 39.37, 0, 0, 0],
		[175, "U2_2", 1240.7244, -97.83, "T", "SMD", "RESET", "", "R", 78.74, 39.37, 0, 0, 0],
		[176, "U2_3", 1240.7244, -156.89, "T", "SMD", "IO4_MOSI", "", "R", 78.74, 39.37, 0, 0, 0],
		[177, "U2_4", 1240.7244, -215.94, "T", "SMD", "IO5_CLK", "", "R", 78.74, 39.37, 0, 0, 0],
		[178, "U2_5", 1240.7244, -275, "T", "SMD", "IO6_MISO", "", "R", 78.74, 39.37, 0, 0, 0],
		[179, "U2_6", 1240.7244, -334.05, "T", "SMD", "IO7_CS", "", "R", 78.74, 39.37, 0, 0, 0],
		[180, "U2_7", 1240.7244, -393.11, "T", "SMD", "$1N1037", "", "R", 78.74, 39.37, 0, 0, 0],
		[181, "U2_8", 1240.7244, -452.16, "T", "SMD", "IO9_BOOT", "", "R", 78.74, 39.37, 0, 0, 0],
		[182, "U2_9", 1240.7244, -511.22, "T", "SMD", "GND", "GND", "R", 78.74, 39.37, 0, 0, 0],
		[183, "U2_10", 1929.7044, -511.22, "T", "SMD", "NET_4", "", "R", 78.74, 39.37, 0, 0, 0],
		[184, "U2_11", 1929.7044, -452.16, "T", "SMD", "U0RXD", "", "R", 78.74, 39.37, 0, 0, 0],
		[185, "U2_12", 1929.7044, -393.11, "T", "SMD", "U0TXD", "", "R", 78.74, 39.37, 0, 0, 0],
		[186, "U2_13", 1929.7044, -334.05, "T", "SMD", "IO18_D-", "", "R", 78.74, 39.37, 0, 0, 0],
		[187, "U2_14", 1929.7044, -275, "T", "SMD", "IO19_D+", "", "R", 78.74, 39.37, 0, 0, 0],
		[188, "U2_15", 1929.7044, -215.94, "T", "SMD", "NET_1", "", "R", 78.74, 39.37, 0, 0, 0],
		[189, "U2_16", 1929.7044, -156.89, "T", "SMD", "IO2", "", "R", 78.74, 39.37, 0, 0, 0],
		[190, "U2_17", 1929.7044, -97.83, "T", "SMD", "IO1_TX", "", "R", 78.74, 39.37, 0, 0, 0],
		[191, "U2_18", 1929.7044, -38.78, "T", "SMD", "IO0_RX", "", "R", 78.74, 39.37, 0, 0, 0],
		[192, "U2_19", 1579.7044, -239.56, "T", "SMD", "GND", "GND", "R", 27.559, 27.559, 0, 0, 0],
		[193, "U2_19", 1579.7044, -282.87, "T", "SMD", "GND", "GND", "R", 27.559, 27.559, 0, 0, 0],
		[194, "U2_19", 1579.7044, -326.18, "T", "SMD", "GND", "GND", "R", 27.559, 27.559, 0, 0, 0],
		[195, "U2_19", 1623.0044, -239.56, "T", "SMD", "GND", "GND", "R", 27.559, 27.559, 0, 0, 0],
		[196, "U2_19", 1623.0044, -282.87, "T", "SMD", "GND", "GND", "R", 27.559, 27.559, 0, 0, 0],
		[197, "U2_19", 1623.0044, -326.18, "T", "SMD", "GND", "GND", "R", 27.559, 27.559, 0, 0, 0],
		[198, "U2_19", 1666.3144, -326.18, "T", "SMD", "GND", "GND", "R", 27.559, 27.559, 0, 0, 0],
		[199, "U2_19", 1666.3144, -282.87, "T", "SMD", "GND", "GND", "R", 27.559, 27.559, 0, 0, 0],
		[200, "U2_19", 1666.3144, -239.56, "T", "SMD", "GND", "GND", "R", 27.559, 27.559, 0, 0, 0],
		[201, "U3_1", 2230, -764.5, "T", "SMD", "VBAT5V", "", "R", 23.622, 47.244, 0, 0, 0],
		[202, "U3_2", 2280, -764.5, "T", "SMD", "$1N9316", "", "R", 23.622, 47.244, 0, 0, 0],
		[203, "U3_3", 2330, -764.5, "T", "SMD", "$1N9314", "", "R", 23.622, 47.244, 0, 0, 0],
		[204, "U3_4", 2380, -764.5, "T", "SMD", "$1N9315", "", "R", 23.622, 47.244, 0, 0, 0],
		[205, "U3_5", 2380, -535.5, "T", "SMD", "$1N9317", "", "R", 23.622, 47.244, 0, 0, 0],
		[206, "U3_6", 2330, -535.5, "T", "SMD", "BAT+", "", "R", 23.622, 47.244, 0, 0, 0],
		[207, "U3_7", 2280, -535.5, "T", "SMD", "GND", "GND", "R", 23.622, 47.244, 0, 0, 0],
		[208, "U3_8", 2230, -535.5, "T", "SMD", "$1N9313", "", "R", 23.622, 47.244, 0, 0, 0],
		[209, "U3_9", 2305, -650, "T", "SMD", "GND", "GND", "R", 129.921, 94.488, 0, 0, 180],
		[210, "U4_1", 2459.88, -200, "T", "SMD", "$1N9326", "", "R", 24.803, 32.677, 0, 0, 270],
		[211, "U4_2", 2370.12, -200, "T", "SMD", "VBUS", "", "R", 24.803, 32.677, 0, 0, 270],
		[212, "U5_1", 2819.88, -460, "T", "SMD", "$1N9326", "", "R", 24.803, 32.677, 0, 0, 270],
		[213, "U5_2", 2730.12, -460, "T", "SMD", "VBAT5V", "", "R", 24.803, 32.677, 0, 0, 270],
		[214, "U6_1", 2602.555, -100, "T", "SMD", "$1N2855", "", "R", 31.496, 34.016, 0, 0, 0],
		[215, "U6_2", 2547.445, -100, "T", "SMD", "$1N5686", "", "R", 31.496, 34.016, 0, 0, 0],
		[216, "U7_1", 2710, -131.73, "T", "SMD", "D+", "", "R", 21.654, 23.622, 0, 0, 90],
		[217, "U7_2", 2710, -98.27, "T", "SMD", "GND", "GND", "R", 21.654, 23.622, 0, 0, 90],
		[218, "U8_1", 2591.73, -50, "T", "SMD", "GND", "GND", "R", 21.654, 23.622, 0, 0, 180],
		[219, "U8_2", 2558.27, -50, "T", "SMD", "$1N5686", "", "R", 21.654, 23.622, 0, 0, 180],
		[220, "U9_1", 2715, -278.27, "T", "SMD", "D-", "", "R", 21.654, 23.622, 0, 0, 270],
		[221, "U9_2", 2715, -311.73, "T", "SMD", "GND", "GND", "R", 21.654, 23.622, 0, 0, 270],
		[222, "U10_1", 1177.482, -804.035, "T", "SMD", "VCC", "", "R", 9.843, 29.528, 0, 0, 0],
		[223, "U10_2", 1197.162, -804.035, "T", "SMD", "GND", "GND", "R", 9.843, 29.528, 0, 0, 0],
		[224, "U10_3", 1216.852, -804.035, "T", "SMD", "VBUS", "", "R", 9.843, 29.528, 0, 0, 0],
		[225, "U10_4", 1236.532, -804.045, "T", "SMD", "$1N37074", "", "R", 9.843, 29.528, 0, 0, 0],
		[226, "U10_5", 1264.032, -776.475, "T", "SMD", "$1N37118", "", "R", 29.528, 9.843, 0, 0, 0],
		[227, "U10_6", 1264.032, -756.795, "T", "SMD", "$1N3712", "", "R", 29.528, 9.843, 0, 0, 0],
		[228, "U10_7", 1264.032, -737.105, "T", "SMD", "NET_7", "", "R", 29.528, 9.843, 0, 0, 0],
		[229, "U10_8", 1264.032, -717.425, "T", "SMD", "NET_8", "", "R", 29.528, 9.843, 0, 0, 0],
		[230, "U10_9", 1236.472, -689.865, "T", "SMD", "VBUS", "", "R", 9.843, 29.528, 0, 0, 0],
		[231, "U10_10", 1216.792, -689.865, "T", "SMD", "NET_9", "", "R", 9.843, 29.528, 0, 0, 0],
		[232, "U10_11", 1197.102, -689.865, "T", "SMD", "NET_10", "", "R", 9.843, 29.528, 0, 0, 0],
		[233, "U10_12", 1177.452, -689.865, "T", "SMD", "NET_11", "", "R", 9.843, 29.528, 0, 0, 0],
		[234, "U10_13", 1149.862, -717.425, "T", "SMD", "NET_12", "", "R", 29.528, 9.843, 0, 0, 0],
		[235, "U10_14", 1149.862, -737.105, "T", "SMD", "NET_13", "", "R", 29.528, 9.843, 0, 0, 0],
		[236, "U10_15", 1149.862, -756.795, "T", "SMD", "NET_14", "", "R", 29.528, 9.843, 0, 0, 0],
		[237, "U10_16", 1149.862, -776.475, "T", "SMD", "NET_15", "", "R", 29.528, 9.843, 0, 0, 0],
		[238, "U10_17", 1206.962, -746.955, "T", "SMD", "GND", "GND", "R", 66.929, 66.929, 0, 0, 0],
		[239, "U11_1", 1697.445, -795, "T", "SMD", "$1N4143", "", "R", 31.496, 34.016, 0, 0, 180],
		[240, "U11_2", 1752.555, -795, "T", "SMD", "$1N5644", "", "R", 31.496, 34.016, 0, 0, 180],
		[241, "U12_1", 1635, -756.73, "T", "SMD", "NET_7", "", "R", 21.654, 23.622, 0, 0, 90],
		[242, "U12_2", 1635, -723.27, "T", "SMD", "GND", "GND", "R", 21.654, 23.622, 0, 0, 90],
		[243, "U13_1", 1811.73, -625, "T", "SMD", "GND", "GND", "R", 21.654, 23.622, 0, 0, 180],
		[244, "U13_2", 1778.27, -625, "T", "SMD", "$1N5644", "", "R", 21.654, 23.622, 0, 0, 180],
		[245, "U14_1", 1595, -756.73, "T", "SMD", "NET_8", "", "R", 21.654, 23.622, 0, 0, 90],
		[246, "U14_2", 1595, -723.27, "T", "SMD", "GND", "GND", "R", 21.654, 23.622, 0, 0, 90],
		[247, "U15_1", 563.27, -380, "T", "SMD", "DEVICE_TX", "", "R", 21.654, 23.622, 0, 0, 0],
		[248, "U15_2", 596.73, -380, "T", "SMD", "GND", "GND", "R", 21.654, 23.622, 0, 0, 0],
		[249, "U16_1", 563.27, -525, "T", "SMD", "DEVICE_RX", "", "R", 21.654, 23.622, 0, 0, 0],
		[250, "U16_2", 596.73, -525, "T", "SMD", "GND", "GND", "R", 21.654, 23.622, 0, 0, 0],
		[251, "USB1_A1B12", 2835.115, -335.99, "T", "SMD", "GND", "GND", "R", 23.622, 45.276, 0, 0, 90],
		[252, "USB1_A4B9", 2835.115, -304.49, "T", "SMD", "$1N2855", "", "R", 23.622, 45.276, 0, 0, 90],
		[253, "USB1_A5", 2835.115, -259.21, "T", "SMD", "$1N2861", "", "R", 11.811, 45.276, 0, 0, 90],
		[254, "USB1_A6", 2835.115, -219.84, "T", "SMD", "D+", "", "R", 11.811, 45.276, 0, 0, 90],
		[255, "USB1_A7", 2835.115, -200.16, "T", "SMD", "D-", "", "R", 11.811, 45.276, 0, 0, 90],
		[256, "USB1_A8", 2835.115, -160.79, "T", "SMD", "NET_16", "", "R", 11.811, 45.276, 0, 0, 90],
		[257, "USB1_B1A12", 2835.115, -84.02, "T", "SMD", "GND", "GND", "R", 23.622, 45.276, 0, 0, 90],
		[258, "USB1_B4A9", 2835.115, -115.51, "T", "SMD", "$1N2855", "", "R", 23.622, 45.276, 0, 0, 90],
		[259, "USB1_B5", 2835.115, -141.1, "T", "SMD", "$1N2849", "", "R", 11.811, 45.276, 0, 0, 90],
		[260, "USB1_B6", 2835.115, -180.47, "T", "SMD", "D+", "", "R", 11.811, 45.276, 0, 0, 90],
		[261, "USB1_B7", 2835.115, -239.53, "T", "SMD", "D-", "", "R", 11.811, 45.276, 0, 0, 90],
		[262, "USB1_B8", 2835.115, -278.9, "T", "SMD", "NET_17", "", "R", 11.811, 45.276, 0, 0, 90],
		[263, "USB1_EP", 2861.495, -380.08, "T", "DIP", "GND", "GND", "O", 39.37, 82.677, 23.622, 66.929, 90],
		[264, "USB1_EP", 2861.495, -380.08, "B", "DIP", "GND", "GND", "O", 39.37, 82.677, 23.622, 66.929, 90],
		[265, "USB1_EP", 2861.495, -39.92, "T", "DIP", "GND", "GND", "O", 39.37, 82.677, 23.622, 66.929, 90],
		[266, "USB1_EP", 2861.495, -39.92, "B", "DIP", "GND", "GND", "O", 39.37, 82.677, 23.622, 66.929, 90],
		[267, "USB1_EP", 3024.885, -380.08, "T", "DIP", "GND", "GND", "O", 39.37, 70.866, 23.622, 55.118, 90],
		[268, "USB1_EP", 3024.885, -380.08, "B", "DIP", "GND", "GND", "O", 39.37, 70.866, 23.622, 55.118, 90],
		[269, "USB1_EP", 3024.885, -39.92, "T", "DIP", "GND", "GND", "O", 39.37, 70.866, 23.622, 55.118, 90],
		[270, "USB1_EP", 3024.885, -39.92, "B", "DIP", "GND", "GND", "O", 39.37, 70.866, 23.622, 55.118, 90],
		[271, "USB2_A1B12", 1479.01, -870.115, "T", "SMD", "GND", "GND", "R", 23.622, 45.276, 0, 0, 0],
		[272, "USB2_A4B9", 1510.51, -870.115, "T", "SMD", "$1N4143", "", "R", 23.622, 45.276, 0, 0, 0],
		[273, "USB2_A5", 1555.79, -870.115, "T", "SMD", "$1N4164", "", "R", 11.811, 45.276, 0, 0, 0],
		[274, "USB2_A6", 1595.16, -870.115, "T", "SMD", "NET_7", "", "R", 11.811, 45.276, 0, 0, 0],
		[275, "USB2_A7", 1614.84, -870.115, "T", "SMD", "NET_8", "", "R", 11.811, 45.276, 0, 0, 0],
		[276, "USB2_A8", 1654.21, -870.115, "T", "SMD", "NET_18", "", "R", 11.811, 45.276, 0, 0, 0],
		[277, "USB2_B1A12", 1730.98, -870.115, "T", "SMD", "GND", "GND", "R", 23.622, 45.276, 0, 0, 0],
		[278, "USB2_B4A9", 1699.49, -870.115, "T", "SMD", "$1N4143", "", "R", 23.622, 45.276, 0, 0, 0],
		[279, "USB2_B5", 1673.9, -870.115, "T", "SMD", "$1N5573", "", "R", 11.811, 45.276, 0, 0, 0],
		[280, "USB2_B6", 1634.53, -870.115, "T", "SMD", "NET_7", "", "R", 11.811, 45.276, 0, 0, 0],
		[281, "USB2_B7", 1575.47, -870.115, "T", "SMD", "NET_8", "", "R", 11.811, 45.276, 0, 0, 0],
		[282, "USB2_B8", 1536.1, -870.115, "T", "SMD", "NET_19", "", "R", 11.811, 45.276, 0, 0, 0],
		[283, "USB2_EP", 1434.92, -896.495, "T", "DIP", "GND", "GND", "O", 39.37, 82.677, 23.622, 66.929, 0],
		[284, "USB2_EP", 1434.92, -896.495, "B", "DIP", "GND", "GND", "O", 39.37, 82.677, 23.622, 66.929, 0],
		[285, "USB2_EP", 1775.08, -896.495, "T", "DIP", "GND", "GND", "O", 39.37, 82.677, 23.622, 66.929, 0],
		[286, "USB2_EP", 1775.08, -896.495, "B", "DIP", "GND", "GND", "O", 39.37, 82.677, 23.622, 66.929, 0],
		[287, "USB2_EP", 1434.92, -1059.885, "T", "DIP", "GND", "GND", "O", 39.37, 70.866, 23.622, 55.118, 0],
		[288, "USB2_EP", 1434.92, -1059.885, "B", "DIP", "GND", "GND", "O", 39.37, 70.866, 23.622, 55.118, 0],
		[289, "USB2_EP", 1775.08, -1059.885, "T", "DIP", "GND", "GND", "O", 39.37, 70.866, 23.622, 55.118, 0],
		[290, "USB2_EP", 1775.08, -1059.885, "B", "DIP", "GND", "GND", "O", 39.37, 70.866, 23.622, 55.118, 0],
		[291, "PAD1_1", 195, -1020, "T", "DIP", "GND", "GND", "C", 236.2205, 236.2205, 137.7953, 137.7953, 0],
		[292, "PAD1_1", 195, -1020, "B", "DIP", "GND", "GND", "C", 236.2205, 236.2205, 137.7953, 137.7953, 0],
		[293, "PAD2_1", 195, 202.5, "T", "DIP", "GND", "GND", "C", 236.2205, 236.2205, 137.7953, 137.7953, 0],
		[294, "PAD2_1", 195, 202.5, "B", "DIP", "GND", "GND", "C", 236.2205, 236.2205, 137.7953, 137.7953, 0],
		[295, "PAD3_1", 2955, 202.5, "T", "DIP", "GND", "GND", "C", 236.2205, 236.2205, 137.7953, 137.7953, 0],
		[296, "PAD3_1", 2955, 202.5, "B", "DIP", "GND", "GND", "C", 236.2205, 236.2205, 137.7953, 137.7953, 0],
		[297, "PAD4_1", 2970, -1015, "T", "DIP", "GND", "GND", "C", 236.2205, 236.2205, 137.7953, 137.7953, 0],
		[298, "PAD4_1", 2970, -1015, "B", "DIP", "GND", "GND", "C", 236.2205, 236.2205, 137.7953, 137.7953, 0],
		[299, "PAD5_2", 1045, -52.44, "T", "SMD", "VCC", "", "R", 31.496, 35.433, 0, 0, 90],
		[300, "PAD6_1", 1045, -107.56, "T", "SMD", "GND", "GND", "R", 31.496, 35.433, 0, 0, 90],
		[301, "PAD7_2", 1125, -52.44, "T", "SMD", "VCC", "", "R", 31.496, 35.433, 0, 0, 90],
		[302, "PAD8_1", 1125, -107.56, "T", "SMD", "GND", "GND", "R", 31.496, 35.433, 0, 0, 90],
		[303, "PAD9_1", 2296.75, -880, "T", "SMD", "VBAT5V", "", "R", 59.301, 93.543, 0, 0, 180],
		[304, "PAD10_2", 2443.25, -880, "T", "SMD", "GND", "GND", "R", 59.301, 93.543, 0, 0, 180],
		[305, "PAD11_2", 2220, -927.56, "T", "SMD", "GND", "GND", "R", 31.496, 35.433, 0, 0, 270],
		[306, "PAD12_1", 2220, -872.44, "T", "SMD", "VBAT5V", "", "R", 31.496, 35.433, 0, 0, 270],
		[307, "PAD13_2", 2485, -417.44, "T", "SMD", "BAT+", "", "R", 31.496, 35.433, 0, 0, 90],
		[308, "PAD14_1", 2485, -472.56, "T", "SMD", "GND", "GND", "R", 31.496, 35.433, 0, 0, 90],
		[309, "PAD15_2", 2555, -417.44, "T", "SMD", "BAT+", "", "R", 31.496, 35.433, 0, 0, 90],
		[310, "PAD16_1", 2555, -472.56, "T", "SMD", "GND", "GND", "R", 31.496, 35.433, 0, 0, 90],
		[311, "PAD17_2", 2625, -417.44, "T", "SMD", "BAT+", "", "R", 31.496, 35.433, 0, 0, 90],
		[312, "PAD18_1", 2625, -472.56, "T", "SMD", "GND", "GND", "R", 31.496, 35.433, 0, 0, 90],
		[313, "PAD19_2", 2890, -647.44, "T", "SMD", "$1N9327", "", "R", 31.496, 35.433, 0, 0, 90],
		[314, "PAD20_1", 2890, -702.56, "T", "SMD", "GND", "GND", "R", 31.496, 35.433, 0, 0, 90],
		[315, "PAD21_2", 2692.56, -990, "T", "SMD", "GND", "GND", "R", 31.496, 35.433, 0, 0, 0],
		[316, "PAD22_1", 2637.44, -990, "T", "SMD", "IO9_BOOT", "", "R", 31.496, 35.433, 0, 0, 0],
		[317, "PAD23_2", 1160, -937.56, "T", "SMD", "GND", "GND", "R", 31.496, 35.433, 0, 0, 270],
		[318, "PAD24_1", 1160, -882.44, "T", "SMD", "VCC", "", "R", 31.496, 35.433, 0, 0, 270],
		[319, "PAD25_2", 1302.56, -640, "T", "SMD", "GND", "GND", "R", 31.496, 35.433, 0, 0, 0],
		[320, "PAD26_1", 1247.44, -640, "T", "SMD", "VBUS", "", "R", 31.496, 35.433, 0, 0, 0],
		[321, "PAD27_2", 1332.44, -755, "T", "SMD", "$1N3712", "", "R", 31.496, 35.433, 0, 0, 180],
		[322, "PAD28_1", 1387.56, -755, "T", "SMD", "GND", "GND", "R", 31.496, 35.433, 0, 0, 180],
		[323, "PAD29_2", 772.56, -830, "B", "SMD", "VCC", "", "R", 31.496, 35.433, 0, 0, 0],
		[324, "PAD30_1", 717.44, -830, "B", "SMD", "GND", "GND", "R", 31.496, 35.433, 0, 0, 0],
		[325, "PAD31_2", 772.56, -755, "B", "SMD", "VCC", "", "R", 31.496, 35.433, 0, 0, 0],
		[326, "PAD32_1", 717.44, -755, "B", "SMD", "GND", "GND", "R", 31.496, 35.433, 0, 0, 0],
		[327, "PAD33_8", 600.44, -623.66, "B", "SMD", "$1N15856", "", "R", 27.559, 62.992, 0, 0, 0],
		[328, "PAD34_7", 643.74, -623.66, "B", "SMD", "IO6_MISO", "", "R", 27.559, 62.992, 0, 0, 0],
		[329, "PAD35_6", 687.05, -623.66, "B", "SMD", "GND", "GND", "R", 27.559, 62.992, 0, 0, 0],
		[330, "PAD36_5", 730.36, -623.66, "B", "SMD", "IO5_CLK", "", "R", 27.559, 62.992, 0, 0, 0],
		[331, "PAD37_4", 773.66, -623.66, "B", "SMD", "VCC", "", "R", 27.559, 62.992, 0, 0, 0],
		[332, "PAD38_3", 816.97, -623.66, "B", "SMD", "IO4_MOSI", "", "R", 27.559, 62.992, 0, 0, 0],
		[333, "PAD39_2", 860.28, -623.66, "B", "SMD", "IO7_CS", "", "R", 27.559, 62.992, 0, 0, 0],
		[334, "PAD40_1", 903.59, -623.66, "B", "SMD", "$1N15856", "", "R", 27.559, 62.992, 0, 0, 0],
		[335, "PAD41_10", 509.88, -584.29, "B", "SMD", "GND", "GND", "R", 47.244, 59.055, 0, 0, 0],
		[336, "PAD42_11", 509.88, -206.34, "B", "SMD", "GND", "GND", "R", 47.244, 86.614, 0, 0, 0],
		[337, "PAD43_12", 1120.12, -206.34, "B", "SMD", "GND", "GND", "R", 47.244, 86.614, 0, 0, 0],
		[338, "PAD44_13", 1084.69, -584.29, "B", "SMD", "GND", "GND", "R", 62.992, 59.055, 0, 0, 0],
		[339, "PAD45_1", 2140, -968.31, "T", "SMD", "GND", "GND", "R", 55.118, 47.244, 0, 0, 90],
		[340, "PAD46_2", 2140, -831.69, "T", "SMD", "VBAT5V", "", "R", 55.118, 47.244, 0, 0, 90],
		[341, "PAD47_1", 2225.16, -410, "T", "SMD", "$1N9313", "", "R", 55.118, 83.465, 0, 0, 180],
		[342, "PAD48_2", 2384.84, -410, "T", "SMD", "BAT+", "", "R", 55.118, 83.465, 0, 0, 180],
		[343, "PAD49_1", 2863.525, -855.133, "T", "SMD", "$1N9315", "", "R", 31.496, 31.496, 0, 0, 90],
		[344, "PAD50_2", 2926.475, -854.863, "T", "SMD", "$1N9320", "", "R", 31.496, 31.496, 0, 0, 90],
		[345, "PAD51_2", 3028.525, -855.005, "T", "SMD", "$1N9320", "", "R", 31.496, 31.496, 0, 0, 270],
		[346, "PAD52_1", 3091.475, -854.995, "T", "SMD", "$1N9316", "", "R", 31.496, 31.496, 0, 0, 270],
		[347, "PAD53_1", 2019.05, -901.575, "T", "SMD", "VCC5V", "", "R", 59.055, 39.37, 0, 0, 270],
		[348, "PAD54_3", 1900.95, -1098.425, "T", "SMD", "GND", "GND", "R", 59.055, 39.37, 0, 0, 270],
		[349, "PAD55_4", 2019.05, -1098.425, "T", "SMD", "NET_4", "", "R", 59.055, 39.37, 0, 0, 270],
		[350, "PAD56_2", 2815.276, -522.598, "T", "SMD", "$1N9326", "", "R", 39.37, 31.496, 0, 0, 180],
		[351, "PAD57_3", 2724.724, -559.998, "T", "SMD", "VCC5V", "", "R", 39.37, 31.496, 0, 0, 180],
		[352, "PAD58_1", 2815.276, -597.402, "T", "SMD", "$1N9327", "", "R", 39.37, 31.496, 0, 0, 180],
		[353, "PAD59_2", 2055.34, -60, "T", "SMD", "IO2", "", "R", 31.751, 34.016, 0, 0, 180],
		[354, "PAD60_1", 2114.66, -60, "T", "SMD", "VCC", "", "R", 31.751, 34.016, 0, 0, 180],
		[355, "PAD61_2", 1119.66, -380, "T", "SMD", "$1N1037", "", "R", 31.751, 34.016, 0, 0, 0],
		[356, "PAD62_1", 1060.34, -380, "T", "SMD", "VCC", "", "R", 31.751, 34.016, 0, 0, 0],
		[357, "PAD63_2", 2545.34, -230, "T", "SMD", "GND", "GND", "R", 31.751, 34.016, 0, 0, 180],
		[358, "PAD64_1", 2604.66, -230, "T", "SMD", "$1N2861", "", "R", 31.751, 34.016, 0, 0, 180],
		[359, "PAD65_2", 2545.34, -165, "T", "SMD", "GND", "GND", "R", 31.751, 34.016, 0, 0, 180],
		[360, "PAD66_1", 2604.66, -165, "T", "SMD", "$1N2849", "", "R", 31.751, 34.016, 0, 0, 180],
		[361, "PAD67_2", 2890, -500.34, "T", "SMD", "$1N9326", "", "R", 31.751, 34.016, 0, 0, 90],
		[362, "PAD68_1", 2890, -559.66, "T", "SMD", "$1N9327", "", "R", 31.751, 34.016, 0, 0, 90],
		[363, "PAD69_2", 2515, -914.66, "T", "SMD", "$1N9314", "", "R", 31.751, 34.016, 0, 0, 270],
		[364, "PAD70_1", 2515, -855.34, "T", "SMD", "GND", "GND", "R", 31.751, 34.016, 0, 0, 270],
		[365, "PAD71_2", 1119.66, -450, "T", "SMD", "IO9_BOOT", "", "R", 31.751, 34.016, 0, 0, 0],
		[366, "PAD72_1", 1060.34, -450, "T", "SMD", "VCC", "", "R", 31.751, 34.016, 0, 0, 0],
		[367, "PAD73_2", 2600, -830.34, "T", "SMD", "$1N9317", "", "R", 31.751, 34.016, 0, 0, 90],
		[368, "PAD74_1", 2600, -889.66, "T", "SMD", "$1N9320", "", "R", 31.751, 34.016, 0, 0, 90],
		[369, "PAD75_2", 1124.66, -180, "T", "SMD", "RESET", "", "R", 31.751, 34.016, 0, 0, 0],
		[370, "PAD76_1", 1065.34, -180, "T", "SMD", "VCC", "", "R", 31.751, 34.016, 0, 0, 0],
		[371, "PAD77_2", 2285.34, -285, "T", "SMD", "$1N9317", "", "R", 31.751, 34.016, 0, 0, 180],
		[372, "PAD78_1", 2344.66, -285, "T", "SMD", "VBUS", "", "R", 31.751, 34.016, 0, 0, 180],
		[373, "PAD79_2", 1754.66, -730, "T", "SMD", "GND", "GND", "R", 31.751, 34.016, 0, 0, 0],
		[374, "PAD80_1", 1695.34, -730, "T", "SMD", "$1N5573", "", "R", 31.751, 34.016, 0, 0, 0],
		[375, "PAD81_2", 1480.34, -735, "T", "SMD", "GND", "GND", "R", 31.751, 34.016, 0, 0, 180],
		[376, "PAD82_1", 1539.66, -735, "T", "SMD", "$1N4164", "", "R", 31.751, 34.016, 0, 0, 180],
		[377, "PAD83_2", 2035, -535.34, "T", "SMD", "VCC", "", "R", 31.751, 34.016, 0, 0, 90],
		[378, "PAD84_1", 2035, -594.66, "T", "SMD", "NET_4", "", "R", 31.751, 34.016, 0, 0, 90],
		[379, "PAD85_2", 375.34, -775, "B", "SMD", "VCC", "", "R", 31.751, 34.016, 0, 0, 180],
		[380, "PAD86_1", 434.66, -775, "B", "SMD", "IO6_MISO", "", "R", 31.751, 34.016, 0, 0, 180],
		[381, "PAD87_2", 375.34, -845, "B", "SMD", "VCC", "", "R", 31.751, 34.016, 0, 0, 180],
		[382, "PAD88_1", 434.66, -845, "B", "SMD", "IO5_CLK", "", "R", 31.751, 34.016, 0, 0, 180],
		[383, "PAD89_2", 375.34, -920, "B", "SMD", "VCC", "", "R", 31.751, 34.016, 0, 0, 180],
		[384, "PAD90_1", 434.66, -920, "B", "SMD", "IO4_MOSI", "", "R", 31.751, 34.016, 0, 0, 180],
		[385, "PAD91_2", 375.34, -705, "B", "SMD", "VCC", "", "R", 31.751, 34.016, 0, 0, 180],
		[386, "PAD92_1", 434.66, -705, "B", "SMD", "$1N15856", "", "R", 31.751, 34.016, 0, 0, 180],
		[387, "PAD93_2", 3045, -625, "T", "DIP", "$1N9327", "", "C", 60, 60, 36, 36, 90],
		[388, "PAD93_2", 3045, -625, "B", "DIP", "$1N9327", "", "C", 60, 60, 36, 36, 90],
		[389, "PAD94_3", 3045, -546.26, "T", "DIP", "GND", "GND", "C", 60, 60, 36, 36, 90],
		[390, "PAD94_3", 3045, -546.26, "B", "DIP", "GND", "GND", "C", 60, 60, 36, 36, 90],
		[391, "PAD95_4", 3045, -461.61, "T", "DIP", "GND", "GND", "O", 55.118, 86.614, 31.496, 62.992, 90],
		[392, "PAD95_4", 3045, -461.61, "B", "DIP", "GND", "GND", "O", 55.118, 86.614, 31.496, 62.992, 90],
		[393, "PAD96_5", 3045, -788.39, "T", "DIP", "GND", "GND", "O", 55.118, 86.614, 31.496, 62.992, 90],
		[394, "PAD96_5", 3045, -788.39, "B", "DIP", "GND", "GND", "O", 55.118, 86.614, 31.496, 62.992, 90],
		[395, "PAD97_1", 1240.7244, -38.78, "T", "SMD", "VCC", "", "R", 78.74, 39.37, 0, 0, 0],
		[396, "PAD98_2", 1240.7244, -97.83, "T", "SMD", "RESET", "", "R", 78.74, 39.37, 0, 0, 0],
		[397, "PAD99_3", 1240.7244, -156.89, "T", "SMD", "IO4_MOSI", "", "R", 78.74, 39.37, 0, 0, 0],
		[398, "PAD100_4", 1240.7244, -215.94, "T", "SMD", "IO5_CLK", "", "R", 78.74, 39.37, 0, 0, 0],
		[399, "PAD101_5", 1240.7244, -275, "T", "SMD", "IO6_MISO", "", "R", 78.74, 39.37, 0, 0, 0],
		[400, "PAD102_6", 1240.7244, -334.05, "T", "SMD", "IO7_CS", "", "R", 78.74, 39.37, 0, 0, 0],
		[401, "PAD103_7", 1240.7244, -393.11, "T", "SMD", "$1N1037", "", "R", 78.74, 39.37, 0, 0, 0],
		[402, "PAD104_8", 1240.7244, -452.16, "T", "SMD", "IO9_BOOT", "", "R", 78.74, 39.37, 0, 0, 0],
		[403, "PAD105_9", 1240.7244, -511.22, "T", "SMD", "GND", "GND", "R", 78.74, 39.37, 0, 0, 0],
		[404, "PAD106_10", 1929.7044, -511.22, "T", "SMD", "NET_4", "", "R", 78.74, 39.37, 0, 0, 0],
		[405, "PAD107_11", 1929.7044, -452.16, "T", "SMD", "U0RXD", "", "R", 78.74, 39.37, 0, 0, 0],
		[406, "PAD108_12", 1929.7044, -393.11, "T", "SMD", "U0TXD", "", "R", 78.74, 39.37, 0, 0, 0],
		[407, "PAD109_13", 1929.7044, -334.05, "T", "SMD", "IO18_D-", "", "R", 78.74, 39.37, 0, 0, 0],
		[408, "PAD110_14", 1929.7044, -275, "T", "SMD", "IO19_D+", "", "R", 78.74, 39.37, 0, 0, 0],
		[409, "PAD111_15", 1929.7044, -215.94, "T", "SMD", "NET_1", "", "R", 78.74, 39.37, 0, 0, 0],
		[410, "PAD112_16", 1929.7044, -156.89, "T", "SMD", "IO2", "", "R", 78.74, 39.37, 0, 0, 0],
		[411, "PAD113_17", 1929.7044, -97.83, "T", "SMD", "IO1_TX", "", "R", 78.74, 39.37, 0, 0, 0],
		[412, "PAD114_18", 1929.7044, -38.78, "T", "SMD", "IO0_RX", "", "R", 78.74, 39.37, 0, 0, 0],
		[413, "PAD115_19", 1579.7044, -239.56, "T", "SMD", "GND", "GND", "R", 27.559, 27.559, 0, 0, 0],
		[414, "PAD116_19", 1579.7044, -282.87, "T", "SMD", "GND", "GND", "R", 27.559, 27.559, 0, 0, 0],
		[415, "PAD117_19", 1579.7044, -326.18, "T", "SMD", "GND", "GND", "R", 27.559, 27.559, 0, 0, 0],
		[416, "PAD118_19", 1623.0044, -239.56, "T", "SMD", "GND", "GND", "R", 27.559, 27.559, 0, 0, 0],
		[417, "PAD119_19", 1623.0044, -282.87, "T", "SMD", "GND", "GND", "R", 27.559, 27.559, 0, 0, 0],
		[418, "PAD120_19", 1623.0044, -326.18, "T", "SMD", "GND", "GND", "R", 27.559, 27.559, 0, 0, 0],
		[419, "PAD121_19", 1666.3144, -326.18, "T", "SMD", "GND", "GND", "R", 27.559, 27.559, 0, 0, 0],
		[420, "PAD122_19", 1666.3144, -282.87, "T", "SMD", "GND", "GND", "R", 27.559, 27.559, 0, 0, 0],
		[421, "PAD123_19", 1666.3144, -239.56, "T", "SMD", "GND", "GND", "R", 27.559, 27.559, 0, 0, 0],
		[422, "PAD124_1", 2602.555, -100, "T", "SMD", "$1N2855", "", "R", 31.496, 34.016, 0, 0, 0],
		[423, "PAD125_2", 2547.445, -100, "T", "SMD", "$1N5686", "", "R", 31.496, 34.016, 0, 0, 0],
		[424, "PAD126_1", 2230, -764.5, "T", "SMD", "VBAT5V", "", "R", 23.622, 47.244, 0, 0, 0],
		[425, "PAD127_2", 2280, -764.5, "T", "SMD", "$1N9316", "", "R", 23.622, 47.244, 0, 0, 0],
		[426, "PAD128_3", 2330, -764.5, "T", "SMD", "$1N9314", "", "R", 23.622, 47.244, 0, 0, 0],
		[427, "PAD129_4", 2380, -764.5, "T", "SMD", "$1N9315", "", "R", 23.622, 47.244, 0, 0, 0],
		[428, "PAD130_5", 2380, -535.5, "T", "SMD", "$1N9317", "", "R", 23.622, 47.244, 0, 0, 0],
		[429, "PAD131_6", 2330, -535.5, "T", "SMD", "BAT+", "", "R", 23.622, 47.244, 0, 0, 0],
		[430, "PAD132_7", 2280, -535.5, "T", "SMD", "GND", "GND", "R", 23.622, 47.244, 0, 0, 0],
		[431, "PAD133_8", 2230, -535.5, "T", "SMD", "$1N9313", "", "R", 23.622, 47.244, 0, 0, 0],
		[432, "PAD134_9", 2305, -650, "T", "SMD", "GND", "GND", "R", 129.921, 94.488, 0, 0, 180],
		[433, "PAD135_1", 2459.88, -200, "T", "SMD", "$1N9326", "", "R", 24.803, 32.677, 0, 0, 270],
		[434, "PAD136_2", 2370.12, -200, "T", "SMD", "VBUS", "", "R", 24.803, 32.677, 0, 0, 270],
		[435, "PAD137_1", 2710, -131.73, "T", "SMD", "D+", "", "R", 21.654, 23.622, 0, 0, 90],
		[436, "PAD138_2", 2710, -98.27, "T", "SMD", "GND", "GND", "R", 21.654, 23.622, 0, 0, 90],
		[437, "PAD139_1", 2819.88, -460, "T", "SMD", "$1N9326", "", "R", 24.803, 32.677, 0, 0, 270],
		[438, "PAD140_2", 2730.12, -460, "T", "SMD", "VBAT5V", "", "R", 24.803, 32.677, 0, 0, 270],
		[439, "PAD141_1", 2591.73, -50, "T", "SMD", "GND", "GND", "R", 21.654, 23.622, 0, 0, 180],
		[440, "PAD142_2", 2558.27, -50, "T", "SMD", "$1N5686", "", "R", 21.654, 23.622, 0, 0, 180],
		[441, "PAD143_1", 2715, -278.27, "T", "SMD", "D-", "", "R", 21.654, 23.622, 0, 0, 270],
		[442, "PAD144_2", 2715, -311.73, "T", "SMD", "GND", "GND", "R", 21.654, 23.622, 0, 0, 270],
		[443, "PAD145_1", 1177.482, -804.035, "T", "SMD", "VCC", "", "R", 9.843, 29.528, 0, 0, 0],
		[444, "PAD146_2", 1197.162, -804.035, "T", "SMD", "GND", "GND", "R", 9.843, 29.528, 0, 0, 0],
		[445, "PAD147_3", 1216.852, -804.035, "T", "SMD", "VBUS", "", "R", 9.843, 29.528, 0, 0, 0],
		[446, "PAD148_4", 1236.532, -804.045, "T", "SMD", "$1N37074", "", "R", 9.843, 29.528, 0, 0, 0],
		[447, "PAD149_5", 1264.032, -776.475, "T", "SMD", "$1N37118", "", "R", 29.528, 9.843, 0, 0, 0],
		[448, "PAD150_6", 1264.032, -756.795, "T", "SMD", "$1N3712", "", "R", 29.528, 9.843, 0, 0, 0],
		[449, "PAD151_7", 1264.032, -737.105, "T", "SMD", "NET_7", "", "R", 29.528, 9.843, 0, 0, 0],
		[450, "PAD152_8", 1264.032, -717.425, "T", "SMD", "NET_8", "", "R", 29.528, 9.843, 0, 0, 0],
		[451, "PAD153_9", 1236.472, -689.865, "T", "SMD", "VBUS", "", "R", 9.843, 29.528, 0, 0, 0],
		[452, "PAD154_17", 1206.962, -746.955, "T", "SMD", "GND", "GND", "R", 66.929, 66.929, 0, 0, 0],
		[453, "PAD155_1", 1697.445, -795, "T", "SMD", "$1N4143", "", "R", 31.496, 34.016, 0, 0, 180],
		[454, "PAD156_2", 1752.555, -795, "T", "SMD", "$1N5644", "", "R", 31.496, 34.016, 0, 0, 180],
		[455, "PAD157_1", 1635, -756.73, "T", "SMD", "NET_7", "", "R", 21.654, 23.622, 0, 0, 90],
		[456, "PAD158_2", 1635, -723.27, "T", "SMD", "GND", "GND", "R", 21.654, 23.622, 0, 0, 90],
		[457, "PAD159_1", 1811.73, -625, "T", "SMD", "GND", "GND", "R", 21.654, 23.622, 0, 0, 180],
		[458, "PAD160_2", 1778.27, -625, "T", "SMD", "$1N5644", "", "R", 21.654, 23.622, 0, 0, 180],
		[459, "PAD161_1", 1595, -756.73, "T", "SMD", "NET_8", "", "R", 21.654, 23.622, 0, 0, 90],
		[460, "PAD162_2", 1595, -723.27, "T", "SMD", "GND", "GND", "R", 21.654, 23.622, 0, 0, 90],
		[461, "PAD163_1", 563.27, -380, "T", "SMD", "DEVICE_TX", "", "R", 21.654, 23.622, 0, 0, 0],
		[462, "PAD164_2", 596.73, -380, "T", "SMD", "GND", "GND", "R", 21.654, 23.622, 0, 0, 0],
		[463, "PAD165_1", 563.27, -525, "T", "SMD", "DEVICE_RX", "", "R", 21.654, 23.622, 0, 0, 0],
		[464, "PAD166_2", 596.73, -525, "T", "SMD", "GND", "GND", "R", 21.654, 23.622, 0, 0, 0],
		[465, "PAD167_A1B12", 2835.115, -335.99, "T", "SMD", "GND", "GND", "R", 23.622, 45.276, 0, 0, 90],
		[466, "PAD168_A4B9", 2835.115, -304.49, "T", "SMD", "$1N2855", "", "R", 23.622, 45.276, 0, 0, 90],
		[467, "PAD169_B4A9", 2835.115, -115.51, "T", "SMD", "$1N2855", "", "R", 23.622, 45.276, 0, 0, 90],
		[468, "PAD170_B1A12", 2835.115, -84.02, "T", "SMD", "GND", "GND", "R", 23.622, 45.276, 0, 0, 90],
		[469, "PAD171_A5", 2835.115, -259.21, "T", "SMD", "$1N2861", "", "R", 11.811, 45.276, 0, 0, 90],
		[470, "PAD172_B7", 2835.115, -239.53, "T", "SMD", "D-", "", "R", 11.811, 45.276, 0, 0, 90],
		[471, "PAD173_A6", 2835.115, -219.84, "T", "SMD", "D+", "", "R", 11.811, 45.276, 0, 0, 90],
		[472, "PAD174_A7", 2835.115, -200.16, "T", "SMD", "D-", "", "R", 11.811, 45.276, 0, 0, 90],
		[473, "PAD175_B6", 2835.115, -180.47, "T", "SMD", "D+", "", "R", 11.811, 45.276, 0, 0, 90],
		[474, "PAD176_B5", 2835.115, -141.1, "T", "SMD", "$1N2849", "", "R", 11.811, 45.276, 0, 0, 90],
		[475, "PAD177_EP", 2861.495, -380.08, "T", "DIP", "GND", "GND", "O", 39.37, 82.677, 23.622, 66.929, 90],
		[476, "PAD177_EP", 2861.495, -380.08, "B", "DIP", "GND", "GND", "O", 39.37, 82.677, 23.622, 66.929, 90],
		[477, "PAD178_EP", 2861.495, -39.92, "T", "DIP", "GND", "GND", "O", 39.37, 82.677, 23.622, 66.929, 90],
		[478, "PAD178_EP", 2861.495, -39.92, "B", "DIP", "GND", "GND", "O", 39.37, 82.677, 23.622, 66.929, 90],
		[479, "PAD179_EP", 3024.885, -380.08, "T", "DIP", "GND", "GND", "O", 39.37, 70.866, 23.622, 55.118, 90],
		[480, "PAD179_EP", 3024.885, -380.08, "B", "DIP", "GND", "GND", "O", 39.37, 70.866, 23.622, 55.118, 90],
		[481, "PAD180_EP", 3024.885, -39.92, "T", "DIP", "GND", "GND", "O", 39.37, 70.866, 23.622, 55.118, 90],
		[482, "PAD180_EP", 3024.885, -39.92, "B", "DIP", "GND", "GND", "O", 39.37, 70.866, 23.622, 55.118, 90],
		[483, "PAD181_A1B12", 1479.01, -870.115, "T", "SMD", "GND", "GND", "R", 23.622, 45.276, 0, 0, 0],
		[484, "PAD182_A4B9", 1510.51, -870.115, "T", "SMD", "$1N4143", "", "R", 23.622, 45.276, 0, 0, 0],
		[485, "PAD183_B4A9", 1699.49, -870.115, "T", "SMD", "$1N4143", "", "R", 23.622, 45.276, 0, 0, 0],
		[486, "PAD184_B1A12", 1730.98, -870.115, "T", "SMD", "GND", "GND", "R", 23.622, 45.276, 0, 0, 0],
		[487, "PAD185_A5", 1555.79, -870.115, "T", "SMD", "$1N4164", "", "R", 11.811, 45.276, 0, 0, 0],
		[488, "PAD186_B7", 1575.47, -870.115, "T", "SMD", "NET_8", "", "R", 11.811, 45.276, 0, 0, 0],
		[489, "PAD187_A6", 1595.16, -870.115, "T", "SMD", "NET_7", "", "R", 11.811, 45.276, 0, 0, 0],
		[490, "PAD188_A7", 1614.84, -870.115, "T", "SMD", "NET_8", "", "R", 11.811, 45.276, 0, 0, 0],
		[491, "PAD189_B6", 1634.53, -870.115, "T", "SMD", "NET_7", "", "R", 11.811, 45.276, 0, 0, 0],
		[492, "PAD190_B5", 1673.9, -870.115, "T", "SMD", "$1N5573", "", "R", 11.811, 45.276, 0, 0, 0],
		[493, "PAD191_EP", 1434.92, -896.495, "T", "DIP", "GND", "GND", "O", 39.37, 82.677, 23.622, 66.929, 0],
		[494, "PAD191_EP", 1434.92, -896.495, "B", "DIP", "GND", "GND", "O", 39.37, 82.677, 23.622, 66.929, 0],
		[495, "PAD192_EP", 1775.08, -896.495, "T", "DIP", "GND", "GND", "O", 39.37, 82.677, 23.622, 66.929, 0],
		[496, "PAD192_EP", 1775.08, -896.495, "B", "DIP", "GND", "GND", "O", 39.37, 82.677, 23.622, 66.929, 0],
		[497, "PAD193_EP", 1434.92, -1059.885, "T", "DIP", "GND", "GND", "O", 39.37, 70.866, 23.622, 55.118, 0],
		[498, "PAD193_EP", 1434.92, -1059.885, "B", "DIP", "GND", "GND", "O", 39.37, 70.866, 23.622, 55.118, 0],
		[499, "PAD194_EP", 1775.08, -1059.885, "T", "DIP", "GND", "GND", "O", 39.37, 70.866, 23.622, 55.118, 0],
		[500, "PAD194_EP", 1775.08, -1059.885, "B", "DIP", "GND", "GND", "O", 39.37, 70.866, 23.622, 55.118, 0],
		[501, "PAD195_2", 2257.56, -205, "T", "SMD", "BAT+", "", "R", 31.496, 35.433, 0, 0, 0],
		[502, "PAD196_1", 2202.44, -205, "T", "SMD", "GND", "GND", "R", 31.496, 35.433, 0, 0, 0],
		[503, "PAD197_2", 2057.44, -260, "T", "SMD", "NET_1", "", "R", 31.496, 35.433, 0, 0, 180],
		[504, "PAD198_1", 2112.56, -260, "T", "SMD", "GND", "GND", "R", 31.496, 35.433, 0, 0, 180],
		[505, "PAD199_2", 2114.66, -125, "T", "SMD", "BAT+", "", "R", 31.751, 34.016, 0, 0, 0],
		[506, "PAD200_1", 2055.34, -125, "T", "SMD", "NET_1", "", "R", 31.751, 34.016, 0, 0, 0],
		[507, "PAD201_2", 2055.34, -190, "T", "SMD", "NET_1", "", "R", 31.751, 34.016, 0, 0, 180],
		[508, "PAD202_1", 2114.66, -190, "T", "SMD", "GND", "GND", "R", 31.751, 34.016, 0, 0, 180],
		[509, "PAD203_3", 2761.935, -1056.614, "T", "SMD", "GND", "GND", "R", 23.622, 47.244, 0, 0, 0],
		[510, "PAD204_4", 2628.077, -1056.614, "T", "SMD", "IO9_BOOT", "", "R", 23.622, 47.244, 0, 0, 0],
		[511, "PAD205_2", 2611.343, -1133.385, "T", "SMD", "GND", "GND", "P", 41.338, 51.182, 0, 0, 180],
		[512, "PAD206_1", 2778.657, -1133.385, "T", "SMD", "GND", "GND", "P", 41.338, 51.182, 0, 0, 180],
		[513, "PAD207_3", 2441.935, -1056.614, "T", "SMD", "GND", "GND", "R", 23.622, 47.244, 0, 0, 0],
		[514, "PAD208_4", 2308.077, -1056.614, "T", "SMD", "RESET", "", "R", 23.622, 47.244, 0, 0, 0],
		[515, "PAD209_2", 2291.343, -1133.385, "T", "SMD", "GND", "GND", "P", 41.338, 51.182, 0, 0, 180],
		[516, "PAD210_1", 2458.657, -1133.385, "T", "SMD", "GND", "GND", "P", 41.338, 51.182, 0, 0, 180],
		[517, "PAD211_2", 2135, -563.39, "T", "SMD", "$1N9313", "", "R", 78.74, 78.74, 0, 0, 270],
		[518, "PAD212_1", 2135, -736.61, "T", "SMD", "VBAT5V", "", "R", 78.74, 78.74, 0, 0, 270],
		[519, "PAD213_2", 2461.61, -100, "T", "SMD", "$1N5686", "", "R", 78.74, 78.74, 0, 0, 180],
		[520, "PAD214_1", 2288.39, -100, "T", "SMD", "VBUS", "", "R", 78.74, 78.74, 0, 0, 180],
		[521, "PAD215_2", 1676.61, -620, "T", "SMD", "$1N5644", "", "R", 78.74, 78.74, 0, 0, 180],
		[522, "PAD216_1", 1503.39, -620, "T", "SMD", "VBUS", "", "R", 78.74, 78.74, 0, 0, 180],
		[523, "PAD217_5", 2687.4, -761.185, "T", "SMD", "VCC", "", "R", 43.307, 23.622, 0, 0, 90],
		[524, "PAD218_3", 2612.6, -658.815, "T", "SMD", "VCC5V", "", "R", 43.307, 23.622, 0, 0, 90],
		[525, "PAD219_2", 2650, -658.815, "T", "SMD", "GND", "GND", "R", 43.307, 23.622, 0, 0, 90],
		[526, "PAD220_1", 2687.4, -658.815, "T", "SMD", "VCC5V", "", "R", 43.307, 23.622, 0, 0, 90],
		[527, "PAD221_2", 2595.001, -1061.655, "B", "SMD", "BAT+", "", "R", 51.181, 125.984, 0, 0, 0],
		[528, "PAD222_1", 2495.001, -1061.655, "B", "SMD", "GND", "GND", "R", 51.181, 125.984, 0, 0, 0],
		[529, "PAD223_4", 2702.481, -768.345, "B", "SMD", "GND", "GND", "R", 59.055, 153.543, 0, 0, 0],
		[530, "PAD224_3", 2387.521, -768.345, "B", "SMD", "GND", "GND", "R", 59.055, 153.543, 0, 0, 0],
		[531, "PAD225_2", 2537.56, -620, "T", "SMD", "VCC5V", "", "R", 31.496, 35.433, 0, 0, 0],
		[532, "PAD226_1", 2482.44, -620, "T", "SMD", "GND", "GND", "R", 31.496, 35.433, 0, 0, 0],
		[533, "PAD227_2", 2760, -747.56, "T", "SMD", "VCC", "", "R", 31.496, 35.433, 0, 0, 270],
		[534, "PAD228_1", 2760, -692.44, "T", "SMD", "GND", "GND", "R", 31.496, 35.433, 0, 0, 270],
		[535, "PAD229_2", 2692.44, -890, "T", "SMD", "$1N9320", "", "R", 31.496, 35.433, 0, 0, 180],
		[536, "PAD230_1", 2747.56, -890, "T", "SMD", "GND", "GND", "R", 31.496, 35.433, 0, 0, 180],
		[537, "PAD231_2", 2382.56, -985, "T", "SMD", "GND", "GND", "R", 31.496, 35.433, 0, 0, 0],
		[538, "PAD232_1", 2327.44, -985, "T", "SMD", "RESET", "", "R", 31.496, 35.433, 0, 0, 0],
		[539, "PAD233_1", 1055, -1105, "T", "DIP", "GND", "GND", "R", 66.929, 66.929, 43.308, 43.308, 180],
		[540, "PAD233_1", 1055, -1105, "B", "DIP", "GND", "GND", "R", 66.929, 66.929, 43.308, 43.308, 180],
		[541, "PAD234_2", 955, -1105, "T", "DIP", "U0TXD", "", "C", 66.929, 66.929, 43.308, 43.308, 180],
		[542, "PAD234_2", 955, -1105, "B", "DIP", "U0TXD", "", "C", 66.929, 66.929, 43.308, 43.308, 180],
		[543, "PAD235_3", 855, -1105, "T", "DIP", "U0RXD", "", "C", 66.929, 66.929, 43.308, 43.308, 180],
		[544, "PAD235_3", 855, -1105, "B", "DIP", "U0RXD", "", "C", 66.929, 66.929, 43.308, 43.308, 180],
		[545, "PAD236_2", 2055.34, -330, "T", "SMD", "IO19_D+", "", "R", 31.751, 34.016, 0, 0, 180],
		[546, "PAD237_1", 2114.66, -330, "T", "SMD", "D+", "", "R", 31.751, 34.016, 0, 0, 180],
		[547, "PAD238_2", 2055.34, -390, "T", "SMD", "IO18_D-", "", "R", 31.751, 34.016, 0, 0, 180],
		[548, "PAD239_1", 2114.66, -390, "T", "SMD", "D-", "", "R", 31.751, 34.016, 0, 0, 180],
		[549, "PAD240_2", 375.34, -990, "B", "SMD", "VCC", "", "R", 31.751, 34.016, 0, 0, 180],
		[550, "PAD241_1", 434.66, -990, "B", "SMD", "IO7_CS", "", "R", 31.751, 34.016, 0, 0, 180],
		[551, "PAD242_2", 1255, -934.66, "T", "SMD", "DEVICE_RX", "", "R", 31.751, 34.016, 0, 0, 270],
		[552, "PAD243_1", 1255, -875.34, "T", "SMD", "$1N37074", "", "R", 31.751, 34.016, 0, 0, 270],
		[553, "PAD244_2", 1389.66, -825, "T", "SMD", "DEVICE_TX", "", "R", 31.751, 34.016, 0, 0, 0],
		[554, "PAD245_1", 1330.34, -825, "T", "SMD", "$1N37118", "", "R", 31.751, 34.016, 0, 0, 0],
		[555, "PAD246_2", 774.66, -385, "T", "SMD", "IO0_RX", "", "R", 31.751, 34.016, 0, 0, 0],
		[556, "PAD247_1", 715.34, -385, "T", "SMD", "DEVICE_TX", "", "R", 31.751, 34.016, 0, 0, 0],
		[557, "PAD248_2", 774.66, -460, "T", "SMD", "IO1_TX", "", "R", 31.751, 34.016, 0, 0, 0],
		[558, "PAD249_1", 715.34, -460, "T", "SMD", "DEVICE_RX", "", "R", 31.751, 34.016, 0, 0, 0],
		[559, "PAD250_2", 624.66, -260, "T", "SMD", "$1N56887", "", "R", 31.751, 34.016, 0, 0, 0],
		[560, "PAD251_1", 565.34, -260, "T", "SMD", "VCC", "", "R", 31.751, 34.016, 0, 0, 0],
		[561, "PAD252_2", 624.66, -650, "T", "SMD", "$1N56895", "", "R", 31.751, 34.016, 0, 0, 0],
		[562, "PAD253_1", 565.34, -650, "T", "SMD", "VCC", "", "R", 31.751, 34.016, 0, 0, 0],
		[563, "PAD254_2", 626.475, -324.995, "T", "SMD", "$1N56887", "", "R", 31.496, 31.496, 0, 0, 90],
		[564, "PAD255_1", 563.525, -325.005, "T", "SMD", "DEVICE_TX", "", "R", 31.496, 31.496, 0, 0, 90],
		[565, "PAD256_2", 626.475, -579.995, "T", "SMD", "$1N56895", "", "R", 31.496, 31.496, 0, 0, 90],
		[566, "PAD257_1", 563.525, -580.005, "T", "SMD", "DEVICE_RX", "", "R", 31.496, 31.496, 0, 0, 90],
		[567, "PAD258_1", 425, -330, "T", "DIP", "GND", "GND", "R", 70.866, 70.866, 43.308, 43.308, 270],
		[568, "PAD258_1", 425, -330, "B", "DIP", "GND", "GND", "R", 70.866, 70.866, 43.308, 43.308, 270],
		[569, "PAD259_2", 425, -430, "T", "DIP", "DEVICE_TX", "", "C", 70.866, 70.866, 43.308, 43.308, 270],
		[570, "PAD259_2", 425, -430, "B", "DIP", "DEVICE_TX", "", "C", 70.866, 70.866, 43.308, 43.308, 270],
		[571, "PAD260_3", 425, -530, "T", "DIP", "DEVICE_RX", "", "C", 70.866, 70.866, 43.308, 43.308, 270],
		[572, "PAD260_3", 425, -530, "B", "DIP", "DEVICE_RX", "", "C", 70.866, 70.866, 43.308, 43.308, 270]
	]
}
}